Rainfall - (MM), Year, Statistics, Country, ISO3
89.2811,1901, Jan Average, Japan, JPN
51.6206,1901, Feb Average, Japan, JPN
79.6897,1901, Mar Average, Japan, JPN
118.927,1901, Apr Average, Japan, JPN
91.6658,1901, May Average, Japan, JPN
246.893,1901, Jun Average, Japan, JPN
284.989,1901, Jul Average, Japan, JPN
133.708,1901, Aug Average, Japan, JPN
155.23,1901, Sep Average, Japan, JPN
198.634,1901, Oct Average, Japan, JPN
78.3574,1901, Nov Average, Japan, JPN
118.524,1901, Dec Average, Japan, JPN
52.7525,1902, Jan Average, Japan, JPN
38.8533,1902, Feb Average, Japan, JPN
95.6569,1902, Mar Average, Japan, JPN
141.206,1902, Apr Average, Japan, JPN
222.09,1902, May Average, Japan, JPN
170.125,1902, Jun Average, Japan, JPN
230.776,1902, Jul Average, Japan, JPN
257.636,1902, Aug Average, Japan, JPN
196.022,1902, Sep Average, Japan, JPN
113.95,1902, Oct Average, Japan, JPN
100.658,1902, Nov Average, Japan, JPN
132.713,1902, Dec Average, Japan, JPN
110.314,1903, Jan Average, Japan, JPN
75.4856,1903, Feb Average, Japan, JPN
146.226,1903, Mar Average, Japan, JPN
136.647,1903, Apr Average, Japan, JPN
210.585,1903, May Average, Japan, JPN
135.186,1903, Jun Average, Japan, JPN
383.277,1903, Jul Average, Japan, JPN
83.7194,1903, Aug Average, Japan, JPN
190.295,1903, Sep Average, Japan, JPN
156.634,1903, Oct Average, Japan, JPN
123.288,1903, Nov Average, Japan, JPN
85.4595,1903, Dec Average, Japan, JPN
48.7165,1904, Jan Average, Japan, JPN
55.7577,1904, Feb Average, Japan, JPN
113.802,1904, Mar Average, Japan, JPN
145.035,1904, Apr Average, Japan, JPN
138.29,1904, May Average, Japan, JPN
239.43,1904, Jun Average, Japan, JPN
247.059,1904, Jul Average, Japan, JPN
91.5791,1904, Aug Average, Japan, JPN
190.909,1904, Sep Average, Japan, JPN
148.932,1904, Oct Average, Japan, JPN
75.7078,1904, Nov Average, Japan, JPN
87.2165,1904, Dec Average, Japan, JPN
69.0606,1905, Jan Average, Japan, JPN
61.3928,1905, Feb Average, Japan, JPN
104.722,1905, Mar Average, Japan, JPN
138.014,1905, Apr Average, Japan, JPN
134.068,1905, May Average, Japan, JPN
351.106,1905, Jun Average, Japan, JPN
231.49,1905, Jul Average, Japan, JPN
391.225,1905, Aug Average, Japan, JPN
135.05,1905, Sep Average, Japan, JPN
125.346,1905, Oct Average, Japan, JPN
64.2216,1905, Nov Average, Japan, JPN
112.306,1905, Dec Average, Japan, JPN
88.4092,1906, Jan Average, Japan, JPN
121.73,1906, Feb Average, Japan, JPN
87.2703,1906, Mar Average, Japan, JPN
71.3034,1906, Apr Average, Japan, JPN
136.11,1906, May Average, Japan, JPN
207.819,1906, Jun Average, Japan, JPN
208.899,1906, Jul Average, Japan, JPN
122.05,1906, Aug Average, Japan, JPN
225.627,1906, Sep Average, Japan, JPN
176.577,1906, Oct Average, Japan, JPN
74.6926,1906, Nov Average, Japan, JPN
82.1513,1906, Dec Average, Japan, JPN
76.8756,1907, Jan Average, Japan, JPN
55.381,1907, Feb Average, Japan, JPN
89.1681,1907, Mar Average, Japan, JPN
123.183,1907, Apr Average, Japan, JPN
155.709,1907, May Average, Japan, JPN
193.252,1907, Jun Average, Japan, JPN
214.735,1907, Jul Average, Japan, JPN
214.053,1907, Aug Average, Japan, JPN
244.024,1907, Sep Average, Japan, JPN
134.591,1907, Oct Average, Japan, JPN
97.7893,1907, Nov Average, Japan, JPN
63.1679,1907, Dec Average, Japan, JPN
63.0414,1908, Jan Average, Japan, JPN
41.528,1908, Feb Average, Japan, JPN
110.788,1908, Mar Average, Japan, JPN
168.333,1908, Apr Average, Japan, JPN
123.918,1908, May Average, Japan, JPN
223.189,1908, Jun Average, Japan, JPN
203.333,1908, Jul Average, Japan, JPN
234.059,1908, Aug Average, Japan, JPN
148.764,1908, Sep Average, Japan, JPN
117.723,1908, Oct Average, Japan, JPN
67.2325,1908, Nov Average, Japan, JPN
92.7326,1908, Dec Average, Japan, JPN
101.729,1909, Jan Average, Japan, JPN
61.9694,1909, Feb Average, Japan, JPN
127.637,1909, Mar Average, Japan, JPN
121.302,1909, Apr Average, Japan, JPN
153.094,1909, May Average, Japan, JPN
244.78,1909, Jun Average, Japan, JPN
140.677,1909, Jul Average, Japan, JPN
134.313,1909, Aug Average, Japan, JPN
327.996,1909, Sep Average, Japan, JPN
103.692,1909, Oct Average, Japan, JPN
101.623,1909, Nov Average, Japan, JPN
51.7888,1909, Dec Average, Japan, JPN
118.643,1910, Jan Average, Japan, JPN
63.5208,1910, Feb Average, Japan, JPN
95.2701,1910, Mar Average, Japan, JPN
86.4431,1910, Apr Average, Japan, JPN
113.122,1910, May Average, Japan, JPN
239.789,1910, Jun Average, Japan, JPN
168.232,1910, Jul Average, Japan, JPN
252.398,1910, Aug Average, Japan, JPN
282.095,1910, Sep Average, Japan, JPN
121.952,1910, Oct Average, Japan, JPN
97.2421,1910, Nov Average, Japan, JPN
56.3415,1910, Dec Average, Japan, JPN
96.6399,1911, Jan Average, Japan, JPN
47.2137,1911, Feb Average, Japan, JPN
119.741,1911, Mar Average, Japan, JPN
149.471,1911, Apr Average, Japan, JPN
93.9062,1911, May Average, Japan, JPN
294.998,1911, Jun Average, Japan, JPN
288.51,1911, Jul Average, Japan, JPN
276.807,1911, Aug Average, Japan, JPN
230.237,1911, Sep Average, Japan, JPN
160.728,1911, Oct Average, Japan, JPN
114.86,1911, Nov Average, Japan, JPN
74.325,1911, Dec Average, Japan, JPN
72.598,1912, Jan Average, Japan, JPN
131.176,1912, Feb Average, Japan, JPN
126.878,1912, Mar Average, Japan, JPN
128.603,1912, Apr Average, Japan, JPN
103.577,1912, May Average, Japan, JPN
169.375,1912, Jun Average, Japan, JPN
269.954,1912, Jul Average, Japan, JPN
103.671,1912, Aug Average, Japan, JPN
256.39,1912, Sep Average, Japan, JPN
103.973,1912, Oct Average, Japan, JPN
72.3504,1912, Nov Average, Japan, JPN
111.521,1912, Dec Average, Japan, JPN
77.9953,1913, Jan Average, Japan, JPN
57.1402,1913, Feb Average, Japan, JPN
50.8676,1913, Mar Average, Japan, JPN
128.9,1913, Apr Average, Japan, JPN
159.785,1913, May Average, Japan, JPN
189.529,1913, Jun Average, Japan, JPN
119.924,1913, Jul Average, Japan, JPN
203.104,1913, Aug Average, Japan, JPN
133.063,1913, Sep Average, Japan, JPN
153.38,1913, Oct Average, Japan, JPN
104.164,1913, Nov Average, Japan, JPN
104.422,1913, Dec Average, Japan, JPN
67.9805,1914, Jan Average, Japan, JPN
67.2251,1914, Feb Average, Japan, JPN
149.252,1914, Mar Average, Japan, JPN
111.088,1914, Apr Average, Japan, JPN
172.083,1914, May Average, Japan, JPN
218.987,1914, Jun Average, Japan, JPN
164.092,1914, Jul Average, Japan, JPN
215.732,1914, Aug Average, Japan, JPN
162.903,1914, Sep Average, Japan, JPN
138.271,1914, Oct Average, Japan, JPN
103.644,1914, Nov Average, Japan, JPN
78.5589,1914, Dec Average, Japan, JPN
107.178,1915, Jan Average, Japan, JPN
139.788,1915, Feb Average, Japan, JPN
101.665,1915, Mar Average, Japan, JPN
179.662,1915, Apr Average, Japan, JPN
135.16,1915, May Average, Japan, JPN
251.742,1915, Jun Average, Japan, JPN
93.0852,1915, Jul Average, Japan, JPN
208.234,1915, Aug Average, Japan, JPN
165.722,1915, Sep Average, Japan, JPN
225.058,1915, Oct Average, Japan, JPN
81.3671,1915, Nov Average, Japan, JPN
61.0361,1915, Dec Average, Japan, JPN
58.1072,1916, Jan Average, Japan, JPN
116.158,1916, Feb Average, Japan, JPN
65.6554,1916, Mar Average, Japan, JPN
131.49,1916, Apr Average, Japan, JPN
120.592,1916, May Average, Japan, JPN
230.859,1916, Jun Average, Japan, JPN
214.945,1916, Jul Average, Japan, JPN
144.052,1916, Aug Average, Japan, JPN
257.067,1916, Sep Average, Japan, JPN
193.168,1916, Oct Average, Japan, JPN
133.309,1916, Nov Average, Japan, JPN
86.4135,1916, Dec Average, Japan, JPN
80.0408,1917, Jan Average, Japan, JPN
51.7199,1917, Feb Average, Japan, JPN
132.476,1917, Mar Average, Japan, JPN
93.8308,1917, Apr Average, Japan, JPN
68.035,1917, May Average, Japan, JPN
215.509,1917, Jun Average, Japan, JPN
118.036,1917, Jul Average, Japan, JPN
155.289,1917, Aug Average, Japan, JPN
291.755,1917, Sep Average, Japan, JPN
242.774,1917, Oct Average, Japan, JPN
92.2124,1917, Nov Average, Japan, JPN
59.6025,1917, Dec Average, Japan, JPN
49.264,1918, Jan Average, Japan, JPN
52.6032,1918, Feb Average, Japan, JPN
118.128,1918, Mar Average, Japan, JPN
123.792,1918, Apr Average, Japan, JPN
130.719,1918, May Average, Japan, JPN
169.021,1918, Jun Average, Japan, JPN
223.958,1918, Jul Average, Japan, JPN
201.281,1918, Aug Average, Japan, JPN
222.978,1918, Sep Average, Japan, JPN
158.339,1918, Oct Average, Japan, JPN
127.462,1918, Nov Average, Japan, JPN
91.6603,1918, Dec Average, Japan, JPN
103.693,1919, Jan Average, Japan, JPN
82.6324,1919, Feb Average, Japan, JPN
105.139,1919, Mar Average, Japan, JPN
90.5225,1919, Apr Average, Japan, JPN
95.1598,1919, May Average, Japan, JPN
189.437,1919, Jun Average, Japan, JPN
222.696,1919, Jul Average, Japan, JPN
203.05,1919, Aug Average, Japan, JPN
208.599,1919, Sep Average, Japan, JPN
138.271,1919, Oct Average, Japan, JPN
102.002,1919, Nov Average, Japan, JPN
106.168,1919, Dec Average, Japan, JPN
104.365,1920, Jan Average, Japan, JPN
96.9565,1920, Feb Average, Japan, JPN
110.647,1920, Mar Average, Japan, JPN
106.705,1920, Apr Average, Japan, JPN
149.421,1920, May Average, Japan, JPN
216.013,1920, Jun Average, Japan, JPN
166.525,1920, Jul Average, Japan, JPN
260.425,1920, Aug Average, Japan, JPN
201.684,1920, Sep Average, Japan, JPN
119.978,1920, Oct Average, Japan, JPN
102.36,1920, Nov Average, Japan, JPN
130.258,1920, Dec Average, Japan, JPN
91.1092,1921, Jan Average, Japan, JPN
64.4868,1921, Feb Average, Japan, JPN
114.253,1921, Mar Average, Japan, JPN
145.545,1921, Apr Average, Japan, JPN
146.325,1921, May Average, Japan, JPN
289.953,1921, Jun Average, Japan, JPN
238.46,1921, Jul Average, Japan, JPN
149.037,1921, Aug Average, Japan, JPN
268.649,1921, Sep Average, Japan, JPN
104.415,1921, Oct Average, Japan, JPN
84.954,1921, Nov Average, Japan, JPN
75.2145,1921, Dec Average, Japan, JPN
76.8957,1922, Jan Average, Japan, JPN
142.987,1922, Feb Average, Japan, JPN
101.335,1922, Mar Average, Japan, JPN
111.889,1922, Apr Average, Japan, JPN
92.8635,1922, May Average, Japan, JPN
139.827,1922, Jun Average, Japan, JPN
278.607,1922, Jul Average, Japan, JPN
159.882,1922, Aug Average, Japan, JPN
158.705,1922, Sep Average, Japan, JPN
156.877,1922, Oct Average, Japan, JPN
141.952,1922, Nov Average, Japan, JPN
63.1689,1922, Dec Average, Japan, JPN
82.5544,1923, Jan Average, Japan, JPN
83.5902,1923, Feb Average, Japan, JPN
98.0119,1923, Mar Average, Japan, JPN
131.03,1923, Apr Average, Japan, JPN
207.104,1923, May Average, Japan, JPN
313.343,1923, Jun Average, Japan, JPN
313.39,1923, Jul Average, Japan, JPN
80.8354,1923, Aug Average, Japan, JPN
267.159,1923, Sep Average, Japan, JPN
191.468,1923, Oct Average, Japan, JPN
137.918,1923, Nov Average, Japan, JPN
67.7923,1923, Dec Average, Japan, JPN
48.3398,1924, Jan Average, Japan, JPN
71.9702,1924, Feb Average, Japan, JPN
52.8711,1924, Mar Average, Japan, JPN
113.453,1924, Apr Average, Japan, JPN
149.211,1924, May Average, Japan, JPN
128.848,1924, Jun Average, Japan, JPN
107.008,1924, Jul Average, Japan, JPN
167.716,1924, Aug Average, Japan, JPN
208.771,1924, Sep Average, Japan, JPN
164.479,1924, Oct Average, Japan, JPN
99.3475,1924, Nov Average, Japan, JPN
57.9431,1924, Dec Average, Japan, JPN
46.1331,1925, Jan Average, Japan, JPN
66.5617,1925, Feb Average, Japan, JPN
70.1373,1925, Mar Average, Japan, JPN
86.6969,1925, Apr Average, Japan, JPN
133.665,1925, May Average, Japan, JPN
147.243,1925, Jun Average, Japan, JPN
159.683,1925, Jul Average, Japan, JPN
198.896,1925, Aug Average, Japan, JPN
300.701,1925, Sep Average, Japan, JPN
104.473,1925, Oct Average, Japan, JPN
120.536,1925, Nov Average, Japan, JPN
125.84,1925, Dec Average, Japan, JPN
65.2676,1926, Jan Average, Japan, JPN
74.0696,1926, Feb Average, Japan, JPN
77.7105,1926, Mar Average, Japan, JPN
88.7986,1926, Apr Average, Japan, JPN
151.992,1926, May Average, Japan, JPN
111.447,1926, Jun Average, Japan, JPN
200.47,1926, Jul Average, Japan, JPN
137.643,1926, Aug Average, Japan, JPN
226.803,1926, Sep Average, Japan, JPN
137.267,1926, Oct Average, Japan, JPN
68.3469,1926, Nov Average, Japan, JPN
109.636,1926, Dec Average, Japan, JPN
58.6626,1927, Jan Average, Japan, JPN
61.0266,1927, Feb Average, Japan, JPN
139.748,1927, Mar Average, Japan, JPN
108.545,1927, Apr Average, Japan, JPN
123.363,1927, May Average, Japan, JPN
106.939,1927, Jun Average, Japan, JPN
216.221,1927, Jul Average, Japan, JPN
231.881,1927, Aug Average, Japan, JPN
227.164,1927, Sep Average, Japan, JPN
95.3254,1927, Oct Average, Japan, JPN
86.3796,1927, Nov Average, Japan, JPN
73.801,1927, Dec Average, Japan, JPN
113.576,1928, Jan Average, Japan, JPN
85.791,1928, Feb Average, Japan, JPN
86.0902,1928, Mar Average, Japan, JPN
106.606,1928, Apr Average, Japan, JPN
100.946,1928, May Average, Japan, JPN
291.426,1928, Jun Average, Japan, JPN
190.098,1928, Jul Average, Japan, JPN
152.241,1928, Aug Average, Japan, JPN
160.734,1928, Sep Average, Japan, JPN
132.195,1928, Oct Average, Japan, JPN
108.223,1928, Nov Average, Japan, JPN
74.8076,1928, Dec Average, Japan, JPN
44.0983,1929, Jan Average, Japan, JPN
50.3264,1929, Feb Average, Japan, JPN
66.447,1929, Mar Average, Japan, JPN
109.273,1929, Apr Average, Japan, JPN
138.186,1929, May Average, Japan, JPN
117.027,1929, Jun Average, Japan, JPN
154.063,1929, Jul Average, Japan, JPN
166.776,1929, Aug Average, Japan, JPN
269.593,1929, Sep Average, Japan, JPN
157.119,1929, Oct Average, Japan, JPN
134.034,1929, Nov Average, Japan, JPN
106.338,1929, Dec Average, Japan, JPN
55.3982,1930, Jan Average, Japan, JPN
79.1664,1930, Feb Average, Japan, JPN
113.314,1930, Mar Average, Japan, JPN
134.476,1930, Apr Average, Japan, JPN
103.214,1930, May Average, Japan, JPN
179.936,1930, Jun Average, Japan, JPN
170.083,1930, Jul Average, Japan, JPN
181.984,1930, Aug Average, Japan, JPN
135.017,1930, Sep Average, Japan, JPN
140.717,1930, Oct Average, Japan, JPN
127.867,1930, Nov Average, Japan, JPN
62.7869,1930, Dec Average, Japan, JPN
88.4174,1931, Jan Average, Japan, JPN
83.4263,1931, Feb Average, Japan, JPN
89.5104,1931, Mar Average, Japan, JPN
133.153,1931, Apr Average, Japan, JPN
129.946,1931, May Average, Japan, JPN
164.959,1931, Jun Average, Japan, JPN
311.533,1931, Jul Average, Japan, JPN
115.909,1931, Aug Average, Japan, JPN
174.926,1931, Sep Average, Japan, JPN
182.988,1931, Oct Average, Japan, JPN
97.5149,1931, Nov Average, Japan, JPN
101.735,1931, Dec Average, Japan, JPN
45.8829,1932, Jan Average, Japan, JPN
65.2376,1932, Feb Average, Japan, JPN
67.8093,1932, Mar Average, Japan, JPN
149.228,1932, Apr Average, Japan, JPN
115.523,1932, May Average, Japan, JPN
162.634,1932, Jun Average, Japan, JPN
237.144,1932, Jul Average, Japan, JPN
243.589,1932, Aug Average, Japan, JPN
254.601,1932, Sep Average, Japan, JPN
76.9739,1932, Oct Average, Japan, JPN
142.349,1932, Nov Average, Japan, JPN
90.538,1932, Dec Average, Japan, JPN
74.3726,1933, Jan Average, Japan, JPN
50.1274,1933, Feb Average, Japan, JPN
116.967,1933, Mar Average, Japan, JPN
136.795,1933, Apr Average, Japan, JPN
115.708,1933, May Average, Japan, JPN
128.994,1933, Jun Average, Japan, JPN
153.971,1933, Jul Average, Japan, JPN
180.323,1933, Aug Average, Japan, JPN
121.27,1933, Sep Average, Japan, JPN
197.975,1933, Oct Average, Japan, JPN
104.851,1933, Nov Average, Japan, JPN
77.2147,1933, Dec Average, Japan, JPN
54.5607,1934, Jan Average, Japan, JPN
45.4881,1934, Feb Average, Japan, JPN
83.0427,1934, Mar Average, Japan, JPN
109.034,1934, Apr Average, Japan, JPN
105.583,1934, May Average, Japan, JPN
158.432,1934, Jun Average, Japan, JPN
171.382,1934, Jul Average, Japan, JPN
119.133,1934, Aug Average, Japan, JPN
256.284,1934, Sep Average, Japan, JPN
125.593,1934, Oct Average, Japan, JPN
124.619,1934, Nov Average, Japan, JPN
72.364,1934, Dec Average, Japan, JPN
69.3837,1935, Jan Average, Japan, JPN
83.1868,1935, Feb Average, Japan, JPN
96.833,1935, Mar Average, Japan, JPN
133.701,1935, Apr Average, Japan, JPN
97.6481,1935, May Average, Japan, JPN
266.026,1935, Jun Average, Japan, JPN
200.139,1935, Jul Average, Japan, JPN
289.332,1935, Aug Average, Japan, JPN
275.708,1935, Sep Average, Japan, JPN
138.828,1935, Oct Average, Japan, JPN
96.5494,1935, Nov Average, Japan, JPN
96.4356,1935, Dec Average, Japan, JPN
63.0842,1936, Jan Average, Japan, JPN
70.7421,1936, Feb Average, Japan, JPN
61.1451,1936, Mar Average, Japan, JPN
186.835,1936, Apr Average, Japan, JPN
134.809,1936, May Average, Japan, JPN
123.226,1936, Jun Average, Japan, JPN
287.718,1936, Jul Average, Japan, JPN
196.164,1936, Aug Average, Japan, JPN
158.933,1936, Sep Average, Japan, JPN
168.028,1936, Oct Average, Japan, JPN
83.0889,1936, Nov Average, Japan, JPN
81.4122,1936, Dec Average, Japan, JPN
72.6573,1937, Jan Average, Japan, JPN
129.833,1937, Feb Average, Japan, JPN
110.042,1937, Mar Average, Japan, JPN
100.71,1937, Apr Average, Japan, JPN
124.275,1937, May Average, Japan, JPN
138.207,1937, Jun Average, Japan, JPN
231.707,1937, Jul Average, Japan, JPN
116.039,1937, Aug Average, Japan, JPN
187.482,1937, Sep Average, Japan, JPN
145.717,1937, Oct Average, Japan, JPN
119.145,1937, Nov Average, Japan, JPN
100.404,1937, Dec Average, Japan, JPN
76.5118,1938, Jan Average, Japan, JPN
74.4478,1938, Feb Average, Japan, JPN
85.54,1938, Mar Average, Japan, JPN
80.7287,1938, Apr Average, Japan, JPN
184.089,1938, May Average, Japan, JPN
216.226,1938, Jun Average, Japan, JPN
224.603,1938, Jul Average, Japan, JPN
173.794,1938, Aug Average, Japan, JPN
146.154,1938, Sep Average, Japan, JPN
218.35,1938, Oct Average, Japan, JPN
71.3037,1938, Nov Average, Japan, JPN
80.9676,1938, Dec Average, Japan, JPN
80.7826,1939, Jan Average, Japan, JPN
58.8013,1939, Feb Average, Japan, JPN
101.535,1939, Mar Average, Japan, JPN
117.178,1939, Apr Average, Japan, JPN
96.3872,1939, May Average, Japan, JPN
163.186,1939, Jun Average, Japan, JPN
129.927,1939, Jul Average, Japan, JPN
181.267,1939, Aug Average, Japan, JPN
203.827,1939, Sep Average, Japan, JPN
142.728,1939, Oct Average, Japan, JPN
92.246,1939, Nov Average, Japan, JPN
41.6134,1939, Dec Average, Japan, JPN
46.5559,1940, Jan Average, Japan, JPN
94.4671,1940, Feb Average, Japan, JPN
67.1254,1940, Mar Average, Japan, JPN
125.402,1940, Apr Average, Japan, JPN
60.1885,1940, May Average, Japan, JPN
188.133,1940, Jun Average, Japan, JPN
179.848,1940, Jul Average, Japan, JPN
207.281,1940, Aug Average, Japan, JPN
154.509,1940, Sep Average, Japan, JPN
105.211,1940, Oct Average, Japan, JPN
74.0978,1940, Nov Average, Japan, JPN
67.6409,1940, Dec Average, Japan, JPN
78.8017,1941, Jan Average, Japan, JPN
73.0283,1941, Feb Average, Japan, JPN
103.465,1941, Mar Average, Japan, JPN
91.4526,1941, Apr Average, Japan, JPN
188.828,1941, May Average, Japan, JPN
266.731,1941, Jun Average, Japan, JPN
265.922,1941, Jul Average, Japan, JPN
194.221,1941, Aug Average, Japan, JPN
249.69,1941, Sep Average, Japan, JPN
130.524,1941, Oct Average, Japan, JPN
85.356,1941, Nov Average, Japan, JPN
88.1739,1941, Dec Average, Japan, JPN
48.138,1942, Jan Average, Japan, JPN
77.3443,1942, Feb Average, Japan, JPN
113.951,1942, Mar Average, Japan, JPN
113.249,1942, Apr Average, Japan, JPN
110.558,1942, May Average, Japan, JPN
243.178,1942, Jun Average, Japan, JPN
60.7131,1942, Jul Average, Japan, JPN
206.945,1942, Aug Average, Japan, JPN
234.469,1942, Sep Average, Japan, JPN
108.924,1942, Oct Average, Japan, JPN
99.9974,1942, Nov Average, Japan, JPN
69.7844,1942, Dec Average, Japan, JPN
58.6755,1943, Jan Average, Japan, JPN
73.5215,1943, Feb Average, Japan, JPN
61.7847,1943, Mar Average, Japan, JPN
102.995,1943, Apr Average, Japan, JPN
110.966,1943, May Average, Japan, JPN
146.477,1943, Jun Average, Japan, JPN
231.719,1943, Jul Average, Japan, JPN
156.498,1943, Aug Average, Japan, JPN
252.163,1943, Sep Average, Japan, JPN
176.618,1943, Oct Average, Japan, JPN
80.9933,1943, Nov Average, Japan, JPN
57.7546,1943, Dec Average, Japan, JPN
48.0425,1944, Jan Average, Japan, JPN
68.565,1944, Feb Average, Japan, JPN
85.8529,1944, Mar Average, Japan, JPN
121.664,1944, Apr Average, Japan, JPN
104.515,1944, May Average, Japan, JPN
106.747,1944, Jun Average, Japan, JPN
172.987,1944, Jul Average, Japan, JPN
151.862,1944, Aug Average, Japan, JPN
173.871,1944, Sep Average, Japan, JPN
175.221,1944, Oct Average, Japan, JPN
126.095,1944, Nov Average, Japan, JPN
67.5404,1944, Dec Average, Japan, JPN
46.6565,1945, Jan Average, Japan, JPN
73.0139,1945, Feb Average, Japan, JPN
100.231,1945, Mar Average, Japan, JPN
87.4009,1945, Apr Average, Japan, JPN
130.639,1945, May Average, Japan, JPN
202.664,1945, Jun Average, Japan, JPN
251.135,1945, Jul Average, Japan, JPN
139.379,1945, Aug Average, Japan, JPN
269.621,1945, Sep Average, Japan, JPN
266.714,1945, Oct Average, Japan, JPN
117.379,1945, Nov Average, Japan, JPN
94.3404,1945, Dec Average, Japan, JPN
62.8932,1946, Jan Average, Japan, JPN
70.2892,1946, Feb Average, Japan, JPN
122.668,1946, Mar Average, Japan, JPN
127.006,1946, Apr Average, Japan, JPN
141.005,1946, May Average, Japan, JPN
225.568,1946, Jun Average, Japan, JPN
191.06,1946, Jul Average, Japan, JPN
98.226,1946, Aug Average, Japan, JPN
154.03,1946, Sep Average, Japan, JPN
161.11,1946, Oct Average, Japan, JPN
106.39,1946, Nov Average, Japan, JPN
117.588,1946, Dec Average, Japan, JPN
95.4753,1947, Jan Average, Japan, JPN
53.5673,1947, Feb Average, Japan, JPN
84.3409,1947, Mar Average, Japan, JPN
95.4363,1947, Apr Average, Japan, JPN
145.426,1947, May Average, Japan, JPN
206.736,1947, Jun Average, Japan, JPN
244.375,1947, Jul Average, Japan, JPN
149.312,1947, Aug Average, Japan, JPN
208.945,1947, Sep Average, Japan, JPN
115.439,1947, Oct Average, Japan, JPN
69.9333,1947, Nov Average, Japan, JPN
103.463,1947, Dec Average, Japan, JPN
70.2151,1948, Jan Average, Japan, JPN
64.6081,1948, Feb Average, Japan, JPN
86.7905,1948, Mar Average, Japan, JPN
109.599,1948, Apr Average, Japan, JPN
113.118,1948, May Average, Japan, JPN
170.38,1948, Jun Average, Japan, JPN
229.994,1948, Jul Average, Japan, JPN
202.358,1948, Aug Average, Japan, JPN
214.6,1948, Sep Average, Japan, JPN
117.519,1948, Oct Average, Japan, JPN
127.809,1948, Nov Average, Japan, JPN
96.7602,1948, Dec Average, Japan, JPN
78.2522,1949, Jan Average, Japan, JPN
91.5762,1949, Feb Average, Japan, JPN
91.2554,1949, Mar Average, Japan, JPN
109.433,1949, Apr Average, Japan, JPN
150.081,1949, May Average, Japan, JPN
272.345,1949, Jun Average, Japan, JPN
188.864,1949, Jul Average, Japan, JPN
181.987,1949, Aug Average, Japan, JPN
203.337,1949, Sep Average, Japan, JPN
159.085,1949, Oct Average, Japan, JPN
121.644,1949, Nov Average, Japan, JPN
114.16,1949, Dec Average, Japan, JPN
108.974,1950, Jan Average, Japan, JPN
77.8709,1950, Feb Average, Japan, JPN
102.615,1950, Mar Average, Japan, JPN
98.8628,1950, Apr Average, Japan, JPN
140.006,1950, May Average, Japan, JPN
252.068,1950, Jun Average, Japan, JPN
174.124,1950, Jul Average, Japan, JPN
177.274,1950, Aug Average, Japan, JPN
220.997,1950, Sep Average, Japan, JPN
143.585,1950, Oct Average, Japan, JPN
138.807,1950, Nov Average, Japan, JPN
115.302,1950, Dec Average, Japan, JPN
55.2305,1951, Jan Average, Japan, JPN
94.7551,1951, Feb Average, Japan, JPN
110.402,1951, Mar Average, Japan, JPN
150.058,1951, Apr Average, Japan, JPN
110.644,1951, May Average, Japan, JPN
158.483,1951, Jun Average, Japan, JPN
313.194,1951, Jul Average, Japan, JPN
116.194,1951, Aug Average, Japan, JPN
160.379,1951, Sep Average, Japan, JPN
135.896,1951, Oct Average, Japan, JPN
134.92,1951, Nov Average, Japan, JPN
87.0346,1951, Dec Average, Japan, JPN
102.125,1952, Jan Average, Japan, JPN
85.6696,1952, Feb Average, Japan, JPN
117.45,1952, Mar Average, Japan, JPN
155.165,1952, Apr Average, Japan, JPN
129.484,1952, May Average, Japan, JPN
236.056,1952, Jun Average, Japan, JPN
296.309,1952, Jul Average, Japan, JPN
140.565,1952, Aug Average, Japan, JPN
181.099,1952, Sep Average, Japan, JPN
109.79,1952, Oct Average, Japan, JPN
101.239,1952, Nov Average, Japan, JPN
62.5918,1952, Dec Average, Japan, JPN
71.5517,1953, Jan Average, Japan, JPN
65.716,1953, Feb Average, Japan, JPN
107.102,1953, Mar Average, Japan, JPN
81.0317,1953, Apr Average, Japan, JPN
186.52,1953, May Average, Japan, JPN
285.841,1953, Jun Average, Japan, JPN
285.407,1953, Jul Average, Japan, JPN
207.434,1953, Aug Average, Japan, JPN
248.51,1953, Sep Average, Japan, JPN
90.054,1953, Oct Average, Japan, JPN
79.7819,1953, Nov Average, Japan, JPN
89.6545,1953, Dec Average, Japan, JPN
96.1601,1954, Jan Average, Japan, JPN
74.7438,1954, Feb Average, Japan, JPN
87.5375,1954, Mar Average, Japan, JPN
136.211,1954, Apr Average, Japan, JPN
183.389,1954, May Average, Japan, JPN
344.506,1954, Jun Average, Japan, JPN
258.512,1954, Jul Average, Japan, JPN
151.254,1954, Aug Average, Japan, JPN
253.851,1954, Sep Average, Japan, JPN
97.7526,1954, Oct Average, Japan, JPN
84.562,1954, Nov Average, Japan, JPN
87.3625,1954, Dec Average, Japan, JPN
78.859,1955, Jan Average, Japan, JPN
96.8851,1955, Feb Average, Japan, JPN
125.455,1955, Mar Average, Japan, JPN
128.423,1955, Apr Average, Japan, JPN
160.578,1955, May Average, Japan, JPN
197.992,1955, Jun Average, Japan, JPN
187.63,1955, Jul Average, Japan, JPN
210.904,1955, Aug Average, Japan, JPN
167.689,1955, Sep Average, Japan, JPN
215.628,1955, Oct Average, Japan, JPN
91.2789,1955, Nov Average, Japan, JPN
67.3311,1955, Dec Average, Japan, JPN
98.9012,1956, Jan Average, Japan, JPN
75.6116,1956, Feb Average, Japan, JPN
139.65,1956, Mar Average, Japan, JPN
125.429,1956, Apr Average, Japan, JPN
177.121,1956, May Average, Japan, JPN
249.904,1956, Jun Average, Japan, JPN
166.324,1956, Jul Average, Japan, JPN
219.463,1956, Aug Average, Japan, JPN
202.753,1956, Sep Average, Japan, JPN
149.697,1956, Oct Average, Japan, JPN
84.4979,1956, Nov Average, Japan, JPN
51.9488,1956, Dec Average, Japan, JPN
60.4074,1957, Jan Average, Japan, JPN
81.8522,1957, Feb Average, Japan, JPN
69.8263,1957, Mar Average, Japan, JPN
128.44,1957, Apr Average, Japan, JPN
155.659,1957, May Average, Japan, JPN
204.932,1957, Jun Average, Japan, JPN
292.713,1957, Jul Average, Japan, JPN
195.832,1957, Aug Average, Japan, JPN
282.992,1957, Sep Average, Japan, JPN
103.61,1957, Oct Average, Japan, JPN
58.0155,1957, Nov Average, Japan, JPN
96.1159,1957, Dec Average, Japan, JPN
105.916,1958, Jan Average, Japan, JPN
92.7763,1958, Feb Average, Japan, JPN
92.6299,1958, Mar Average, Japan, JPN
146.938,1958, Apr Average, Japan, JPN
100.558,1958, May Average, Japan, JPN
136.452,1958, Jun Average, Japan, JPN
232.472,1958, Jul Average, Japan, JPN
248.842,1958, Aug Average, Japan, JPN
249.777,1958, Sep Average, Japan, JPN
173.559,1958, Oct Average, Japan, JPN
80.619,1958, Nov Average, Japan, JPN
114.151,1958, Dec Average, Japan, JPN
90.1424,1959, Jan Average, Japan, JPN
109.685,1959, Feb Average, Japan, JPN
100.536,1959, Mar Average, Japan, JPN
154.867,1959, Apr Average, Japan, JPN
144.555,1959, May Average, Japan, JPN
146.767,1959, Jun Average, Japan, JPN
237.852,1959, Jul Average, Japan, JPN
234.426,1959, Aug Average, Japan, JPN
199.158,1959, Sep Average, Japan, JPN
134.741,1959, Oct Average, Japan, JPN
118.453,1959, Nov Average, Japan, JPN
118.551,1959, Dec Average, Japan, JPN
77.2754,1960, Jan Average, Japan, JPN
38.0049,1960, Feb Average, Japan, JPN
96.4944,1960, Mar Average, Japan, JPN
131.481,1960, Apr Average, Japan, JPN
174.67,1960, May Average, Japan, JPN
177.866,1960, Jun Average, Japan, JPN
127.396,1960, Jul Average, Japan, JPN
201.821,1960, Aug Average, Japan, JPN
180.113,1960, Sep Average, Japan, JPN
118.939,1960, Oct Average, Japan, JPN
115.002,1960, Nov Average, Japan, JPN
82.6004,1960, Dec Average, Japan, JPN
77.4748,1961, Jan Average, Japan, JPN
62.0647,1961, Feb Average, Japan, JPN
83.2062,1961, Mar Average, Japan, JPN
130.812,1961, Apr Average, Japan, JPN
127.641,1961, May Average, Japan, JPN
244.757,1961, Jun Average, Japan, JPN
197.133,1961, Jul Average, Japan, JPN
160.417,1961, Aug Average, Japan, JPN
183.591,1961, Sep Average, Japan, JPN
212.336,1961, Oct Average, Japan, JPN
104.011,1961, Nov Average, Japan, JPN
65.8027,1961, Dec Average, Japan, JPN
80.9057,1962, Jan Average, Japan, JPN
43.852,1962, Feb Average, Japan, JPN
63.8409,1962, Mar Average, Japan, JPN
122.91,1962, Apr Average, Japan, JPN
150.086,1962, May Average, Japan, JPN
244.983,1962, Jun Average, Japan, JPN
249.039,1962, Jul Average, Japan, JPN
209.775,1962, Aug Average, Japan, JPN
108.61,1962, Sep Average, Japan, JPN
116.504,1962, Oct Average, Japan, JPN
110.686,1962, Nov Average, Japan, JPN
83.9139,1962, Dec Average, Japan, JPN
68.359,1963, Jan Average, Japan, JPN
48.4393,1963, Feb Average, Japan, JPN
90.5651,1963, Mar Average, Japan, JPN
131.815,1963, Apr Average, Japan, JPN
234.014,1963, May Average, Japan, JPN
275.508,1963, Jun Average, Japan, JPN
173.191,1963, Jul Average, Japan, JPN
268.611,1963, Aug Average, Japan, JPN
143.633,1963, Sep Average, Japan, JPN
137.005,1963, Oct Average, Japan, JPN
86.9722,1963, Nov Average, Japan, JPN
63.4102,1963, Dec Average, Japan, JPN
112.559,1964, Jan Average, Japan, JPN
75.4809,1964, Feb Average, Japan, JPN
78.3096,1964, Mar Average, Japan, JPN
151.405,1964, Apr Average, Japan, JPN
101.847,1964, May Average, Japan, JPN
215.083,1964, Jun Average, Japan, JPN
202.37,1964, Jul Average, Japan, JPN
198.343,1964, Aug Average, Japan, JPN
209.176,1964, Sep Average, Japan, JPN
107.234,1964, Oct Average, Japan, JPN
99.2684,1964, Nov Average, Japan, JPN
70.2476,1964, Dec Average, Japan, JPN
89.5935,1965, Jan Average, Japan, JPN
52.8642,1965, Feb Average, Japan, JPN
65.7732,1965, Mar Average, Japan, JPN
106.775,1965, Apr Average, Japan, JPN
213.017,1965, May Average, Japan, JPN
210.632,1965, Jun Average, Japan, JPN
279.984,1965, Jul Average, Japan, JPN
98.9481,1965, Aug Average, Japan, JPN
287.924,1965, Sep Average, Japan, JPN
82.1574,1965, Oct Average, Japan, JPN
129.278,1965, Nov Average, Japan, JPN
107.418,1965, Dec Average, Japan, JPN
74.5209,1966, Jan Average, Japan, JPN
99.617,1966, Feb Average, Japan, JPN
154.061,1966, Mar Average, Japan, JPN
118.544,1966, Apr Average, Japan, JPN
168.042,1966, May Average, Japan, JPN
255.756,1966, Jun Average, Japan, JPN
230.213,1966, Jul Average, Japan, JPN
174.572,1966, Aug Average, Japan, JPN
280.426,1966, Sep Average, Japan, JPN
138.432,1966, Oct Average, Japan, JPN
83.5706,1966, Nov Average, Japan, JPN
69.7865,1966, Dec Average, Japan, JPN
82.83,1967, Jan Average, Japan, JPN
49.6192,1967, Feb Average, Japan, JPN
109.562,1967, Mar Average, Japan, JPN
168.733,1967, Apr Average, Japan, JPN
80.9684,1967, May Average, Japan, JPN
159.189,1967, Jun Average, Japan, JPN
246.329,1967, Jul Average, Japan, JPN
126.371,1967, Aug Average, Japan, JPN
151.353,1967, Sep Average, Japan, JPN
155.659,1967, Oct Average, Japan, JPN
91.8121,1967, Nov Average, Japan, JPN
69.2129,1967, Dec Average, Japan, JPN
58.4702,1968, Jan Average, Japan, JPN
73.5759,1968, Feb Average, Japan, JPN
88.1561,1968, Mar Average, Japan, JPN
85.5135,1968, Apr Average, Japan, JPN
136.676,1968, May Average, Japan, JPN
150.889,1968, Jun Average, Japan, JPN
236.436,1968, Jul Average, Japan, JPN
260.955,1968, Aug Average, Japan, JPN
156.995,1968, Sep Average, Japan, JPN
114.248,1968, Oct Average, Japan, JPN
65.8989,1968, Nov Average, Japan, JPN
139.991,1968, Dec Average, Japan, JPN
93.6771,1969, Jan Average, Japan, JPN
88.811,1969, Feb Average, Japan, JPN
97.5788,1969, Mar Average, Japan, JPN
93.2125,1969, Apr Average, Japan, JPN
122.737,1969, May Average, Japan, JPN
237.541,1969, Jun Average, Japan, JPN
233.765,1969, Jul Average, Japan, JPN
190.689,1969, Aug Average, Japan, JPN
119.333,1969, Sep Average, Japan, JPN
99.2675,1969, Oct Average, Japan, JPN
90.1231,1969, Nov Average, Japan, JPN
70.9679,1969, Dec Average, Japan, JPN
80.2493,1970, Jan Average, Japan, JPN
64.7824,1970, Feb Average, Japan, JPN
72.295,1970, Mar Average, Japan, JPN
121.043,1970, Apr Average, Japan, JPN
148.24,1970, May Average, Japan, JPN
265.144,1970, Jun Average, Japan, JPN
168.131,1970, Jul Average, Japan, JPN
168.563,1970, Aug Average, Japan, JPN
169.067,1970, Sep Average, Japan, JPN
113.679,1970, Oct Average, Japan, JPN
110.537,1970, Nov Average, Japan, JPN
64.8829,1970, Dec Average, Japan, JPN
63.5743,1971, Jan Average, Japan, JPN
66.2517,1971, Feb Average, Japan, JPN
77.4365,1971, Mar Average, Japan, JPN
88.3679,1971, Apr Average, Japan, JPN
129.242,1971, May Average, Japan, JPN
186.262,1971, Jun Average, Japan, JPN
250.197,1971, Jul Average, Japan, JPN
239.816,1971, Aug Average, Japan, JPN
237.631,1971, Sep Average, Japan, JPN
144.235,1971, Oct Average, Japan, JPN
35.7236,1971, Nov Average, Japan, JPN
82.5563,1971, Dec Average, Japan, JPN
123.386,1972, Jan Average, Japan, JPN
128.612,1972, Feb Average, Japan, JPN
93.4814,1972, Mar Average, Japan, JPN
133.717,1972, Apr Average, Japan, JPN
141.654,1972, May Average, Japan, JPN
219.911,1972, Jun Average, Japan, JPN
308.189,1972, Jul Average, Japan, JPN
191.475,1972, Aug Average, Japan, JPN
240.6,1972, Sep Average, Japan, JPN
101.648,1972, Oct Average, Japan, JPN
139.075,1972, Nov Average, Japan, JPN
113.86,1972, Dec Average, Japan, JPN
115.651,1973, Jan Average, Japan, JPN
69.3471,1973, Feb Average, Japan, JPN
40.6674,1973, Mar Average, Japan, JPN
155.973,1973, Apr Average, Japan, JPN
138.264,1973, May Average, Japan, JPN
121.408,1973, Jun Average, Japan, JPN
100.178,1973, Jul Average, Japan, JPN
156.888,1973, Aug Average, Japan, JPN
207.846,1973, Sep Average, Japan, JPN
157.415,1973, Oct Average, Japan, JPN
80.714,1973, Nov Average, Japan, JPN
51.6147,1973, Dec Average, Japan, JPN
47.8711,1974, Jan Average, Japan, JPN
71.6892,1974, Feb Average, Japan, JPN
83.1616,1974, Mar Average, Japan, JPN
148.405,1974, Apr Average, Japan, JPN
99.0122,1974, May Average, Japan, JPN
195.816,1974, Jun Average, Japan, JPN
286.608,1974, Jul Average, Japan, JPN
177.04,1974, Aug Average, Japan, JPN
220.137,1974, Sep Average, Japan, JPN
141.009,1974, Oct Average, Japan, JPN
79.0936,1974, Nov Average, Japan, JPN
69.428,1974, Dec Average, Japan, JPN
84.2524,1975, Jan Average, Japan, JPN
78.5554,1975, Feb Average, Japan, JPN
91.7488,1975, Mar Average, Japan, JPN
124.646,1975, Apr Average, Japan, JPN
116.635,1975, May Average, Japan, JPN
216.398,1975, Jun Average, Japan, JPN
198.669,1975, Jul Average, Japan, JPN
191.526,1975, Aug Average, Japan, JPN
143.301,1975, Sep Average, Japan, JPN
186.004,1975, Oct Average, Japan, JPN
153.086,1975, Nov Average, Japan, JPN
66.9221,1975, Dec Average, Japan, JPN
38.9793,1976, Jan Average, Japan, JPN
112.027,1976, Feb Average, Japan, JPN
80.4954,1976, Mar Average, Japan, JPN
122.039,1976, Apr Average, Japan, JPN
149.219,1976, May Average, Japan, JPN
213.137,1976, Jun Average, Japan, JPN
146.367,1976, Jul Average, Japan, JPN
237.282,1976, Aug Average, Japan, JPN
267.378,1976, Sep Average, Japan, JPN
150.477,1976, Oct Average, Japan, JPN
93.5004,1976, Nov Average, Japan, JPN
82.2516,1976, Dec Average, Japan, JPN
41.3816,1977, Jan Average, Japan, JPN
52.251,1977, Feb Average, Japan, JPN
128.001,1977, Mar Average, Japan, JPN
137.659,1977, Apr Average, Japan, JPN
136.163,1977, May Average, Japan, JPN
200.923,1977, Jun Average, Japan, JPN
111.451,1977, Jul Average, Japan, JPN
213.813,1977, Aug Average, Japan, JPN
161.173,1977, Sep Average, Japan, JPN
50.8728,1977, Oct Average, Japan, JPN
154.99,1977, Nov Average, Japan, JPN
76.0471,1977, Dec Average, Japan, JPN
59.9894,1978, Jan Average, Japan, JPN
48.896,1978, Feb Average, Japan, JPN
83.7194,1978, Mar Average, Japan, JPN
99.982,1978, Apr Average, Japan, JPN
106.503,1978, May Average, Japan, JPN
235.047,1978, Jun Average, Japan, JPN
95.7146,1978, Jul Average, Japan, JPN
114.423,1978, Aug Average, Japan, JPN
151.526,1978, Sep Average, Japan, JPN
118.053,1978, Oct Average, Japan, JPN
71.1918,1978, Nov Average, Japan, JPN
62.5654,1978, Dec Average, Japan, JPN
79.9705,1979, Jan Average, Japan, JPN
111.475,1979, Feb Average, Japan, JPN
100.446,1979, Mar Average, Japan, JPN
128.611,1979, Apr Average, Japan, JPN
110.206,1979, May Average, Japan, JPN
226.371,1979, Jun Average, Japan, JPN
176.842,1979, Jul Average, Japan, JPN
158.787,1979, Aug Average, Japan, JPN
196.47,1979, Sep Average, Japan, JPN
202.683,1979, Oct Average, Japan, JPN
158.394,1979, Nov Average, Japan, JPN
59.4692,1979, Dec Average, Japan, JPN
101.652,1980, Jan Average, Japan, JPN
44.3387,1980, Feb Average, Japan, JPN
128.119,1980, Mar Average, Japan, JPN
127.287,1980, Apr Average, Japan, JPN
184.496,1980, May Average, Japan, JPN
155.51,1980, Jun Average, Japan, JPN
347.449,1980, Jul Average, Japan, JPN
329.157,1980, Aug Average, Japan, JPN
130.903,1980, Sep Average, Japan, JPN
188.017,1980, Oct Average, Japan, JPN
84.4127,1980, Nov Average, Japan, JPN
104.234,1980, Dec Average, Japan, JPN
45.8696,1981, Jan Average, Japan, JPN
66.0947,1981, Feb Average, Japan, JPN
102.409,1981, Mar Average, Japan, JPN
145.04,1981, Apr Average, Japan, JPN
153.144,1981, May Average, Japan, JPN
225.587,1981, Jun Average, Japan, JPN
195.635,1981, Jul Average, Japan, JPN
250.715,1981, Aug Average, Japan, JPN
152.476,1981, Sep Average, Japan, JPN
158.317,1981, Oct Average, Japan, JPN
106.256,1981, Nov Average, Japan, JPN
49.1464,1981, Dec Average, Japan, JPN
59.6095,1982, Jan Average, Japan, JPN
54.3919,1982, Feb Average, Japan, JPN
95.2282,1982, Mar Average, Japan, JPN
131.899,1982, Apr Average, Japan, JPN
118.949,1982, May Average, Japan, JPN
123.628,1982, Jun Average, Japan, JPN
261.192,1982, Jul Average, Japan, JPN
223.523,1982, Aug Average, Japan, JPN
234.168,1982, Sep Average, Japan, JPN
78.0277,1982, Oct Average, Japan, JPN
126.147,1982, Nov Average, Japan, JPN
58.9211,1982, Dec Average, Japan, JPN
51.2643,1983, Jan Average, Japan, JPN
71.5452,1983, Feb Average, Japan, JPN
129.764,1983, Mar Average, Japan, JPN
141.705,1983, Apr Average, Japan, JPN
128.556,1983, May Average, Japan, JPN
190.126,1983, Jun Average, Japan, JPN
246.795,1983, Jul Average, Japan, JPN
170.264,1983, Aug Average, Japan, JPN
266.981,1983, Sep Average, Japan, JPN
113.728,1983, Oct Average, Japan, JPN
61.6242,1983, Nov Average, Japan, JPN
48.8868,1983, Dec Average, Japan, JPN
66.9861,1984, Jan Average, Japan, JPN
64.0072,1984, Feb Average, Japan, JPN
66.5728,1984, Mar Average, Japan, JPN
94.0323,1984, Apr Average, Japan, JPN
94.834,1984, May Average, Japan, JPN
212.677,1984, Jun Average, Japan, JPN
155.286,1984, Jul Average, Japan, JPN
95.5017,1984, Aug Average, Japan, JPN
121.015,1984, Sep Average, Japan, JPN
85.2166,1984, Oct Average, Japan, JPN
58.7364,1984, Nov Average, Japan, JPN
76.3914,1984, Dec Average, Japan, JPN
41.5441,1985, Jan Average, Japan, JPN
120.821,1985, Feb Average, Japan, JPN
119.334,1985, Mar Average, Japan, JPN
134.019,1985, Apr Average, Japan, JPN
130.241,1985, May Average, Japan, JPN
288.766,1985, Jun Average, Japan, JPN
217.002,1985, Jul Average, Japan, JPN
99.6156,1985, Aug Average, Japan, JPN
196.917,1985, Sep Average, Japan, JPN
122.786,1985, Oct Average, Japan, JPN
114.076,1985, Nov Average, Japan, JPN
64.7744,1985, Dec Average, Japan, JPN
49.4257,1986, Jan Average, Japan, JPN
50.7482,1986, Feb Average, Japan, JPN
112.783,1986, Mar Average, Japan, JPN
106.288,1986, Apr Average, Japan, JPN
180.689,1986, May Average, Japan, JPN
174.621,1986, Jun Average, Japan, JPN
212.358,1986, Jul Average, Japan, JPN
158.498,1986, Aug Average, Japan, JPN
151.703,1986, Sep Average, Japan, JPN
87.0171,1986, Oct Average, Japan, JPN
53.0311,1986, Nov Average, Japan, JPN
87.494,1986, Dec Average, Japan, JPN
70.6378,1987, Jan Average, Japan, JPN
55.1694,1987, Feb Average, Japan, JPN
124.492,1987, Mar Average, Japan, JPN
58.3891,1987, Apr Average, Japan, JPN
140.389,1987, May Average, Japan, JPN
140.662,1987, Jun Average, Japan, JPN
274.103,1987, Jul Average, Japan, JPN
199.628,1987, Aug Average, Japan, JPN
156.633,1987, Sep Average, Japan, JPN
140.57,1987, Oct Average, Japan, JPN
73.7541,1987, Nov Average, Japan, JPN
55.479,1987, Dec Average, Japan, JPN
53.9529,1988, Jan Average, Japan, JPN
44.7632,1988, Feb Average, Japan, JPN
121.636,1988, Mar Average, Japan, JPN
112.785,1988, Apr Average, Japan, JPN
145.534,1988, May Average, Japan, JPN
274.033,1988, Jun Average, Japan, JPN
189.897,1988, Jul Average, Japan, JPN
220.042,1988, Aug Average, Japan, JPN
213.359,1988, Sep Average, Japan, JPN
89.5363,1988, Oct Average, Japan, JPN
79.7379,1988, Nov Average, Japan, JPN
41.5818,1988, Dec Average, Japan, JPN
108.425,1989, Jan Average, Japan, JPN
114.968,1989, Feb Average, Japan, JPN
102.348,1989, Mar Average, Japan, JPN
121.833,1989, Apr Average, Japan, JPN
161.103,1989, May Average, Japan, JPN
187.824,1989, Jun Average, Japan, JPN
181.942,1989, Jul Average, Japan, JPN
247.651,1989, Aug Average, Japan, JPN
324.891,1989, Sep Average, Japan, JPN
106.489,1989, Oct Average, Japan, JPN
102.567,1989, Nov Average, Japan, JPN
62.6731,1989, Dec Average, Japan, JPN
79.9834,1990, Jan Average, Japan, JPN
107.738,1990, Feb Average, Japan, JPN
89.015,1990, Mar Average, Japan, JPN
139.959,1990, Apr Average, Japan, JPN
117.367,1990, May Average, Japan, JPN
183.761,1990, Jun Average, Japan, JPN
155.124,1990, Jul Average, Japan, JPN
149.778,1990, Aug Average, Japan, JPN
302.542,1990, Sep Average, Japan, JPN
162.362,1990, Oct Average, Japan, JPN
165.056,1990, Nov Average, Japan, JPN
69.829,1990, Dec Average, Japan, JPN
62.8851,1991, Jan Average, Japan, JPN
95.1541,1991, Feb Average, Japan, JPN
132.114,1991, Mar Average, Japan, JPN
122.881,1991, Apr Average, Japan, JPN
108.449,1991, May Average, Japan, JPN
239.033,1991, Jun Average, Japan, JPN
260.501,1991, Jul Average, Japan, JPN
202.573,1991, Aug Average, Japan, JPN
228.619,1991, Sep Average, Japan, JPN
168.892,1991, Oct Average, Japan, JPN
89.1351,1991, Nov Average, Japan, JPN
72.2892,1991, Dec Average, Japan, JPN
61.6931,1992, Jan Average, Japan, JPN
56.3985,1992, Feb Average, Japan, JPN
140.675,1992, Mar Average, Japan, JPN
132.37,1992, Apr Average, Japan, JPN
136.099,1992, May Average, Japan, JPN
168.863,1992, Jun Average, Japan, JPN
136.601,1992, Jul Average, Japan, JPN
211.317,1992, Aug Average, Japan, JPN
143.295,1992, Sep Average, Japan, JPN
138.698,1992, Oct Average, Japan, JPN
90.4409,1992, Nov Average, Japan, JPN
89.0652,1992, Dec Average, Japan, JPN
90.4666,1993, Jan Average, Japan, JPN
85.3842,1993, Feb Average, Japan, JPN
69.5302,1993, Mar Average, Japan, JPN
89.4583,1993, Apr Average, Japan, JPN
127.363,1993, May Average, Japan, JPN
279.691,1993, Jun Average, Japan, JPN
337.792,1993, Jul Average, Japan, JPN
281.875,1993, Aug Average, Japan, JPN
225.758,1993, Sep Average, Japan, JPN
125.04,1993, Oct Average, Japan, JPN
128.222,1993, Nov Average, Japan, JPN
91.1389,1993, Dec Average, Japan, JPN
59.5069,1994, Jan Average, Japan, JPN
90.6969,1994, Feb Average, Japan, JPN
82.6919,1994, Mar Average, Japan, JPN
89.5011,1994, Apr Average, Japan, JPN
107.675,1994, May Average, Japan, JPN
134.897,1994, Jun Average, Japan, JPN
83.1804,1994, Jul Average, Japan, JPN
101.757,1994, Aug Average, Japan, JPN
255.707,1994, Sep Average, Japan, JPN
76.7078,1994, Oct Average, Japan, JPN
58.3128,1994, Nov Average, Japan, JPN
58.8731,1994, Dec Average, Japan, JPN
72.311,1995, Jan Average, Japan, JPN
34.3691,1995, Feb Average, Japan, JPN
106.124,1995, Mar Average, Japan, JPN
127.594,1995, Apr Average, Japan, JPN
186.65,1995, May Average, Japan, JPN
152.27,1995, Jun Average, Japan, JPN
292.557,1995, Jul Average, Japan, JPN
184.071,1995, Aug Average, Japan, JPN
139.214,1995, Sep Average, Japan, JPN
92.6223,1995, Oct Average, Japan, JPN
74.3335,1995, Nov Average, Japan, JPN
44.9335,1995, Dec Average, Japan, JPN
53.4528,1996, Jan Average, Japan, JPN
44.5546,1996, Feb Average, Japan, JPN
120.958,1996, Mar Average, Japan, JPN
63.8189,1996, Apr Average, Japan, JPN
116.058,1996, May Average, Japan, JPN
216.127,1996, Jun Average, Japan, JPN
181.063,1996, Jul Average, Japan, JPN
135.994,1996, Aug Average, Japan, JPN
164.899,1996, Sep Average, Japan, JPN
96.3988,1996, Oct Average, Japan, JPN
94.078,1996, Nov Average, Japan, JPN
83.4434,1996, Dec Average, Japan, JPN
58.615,1997, Jan Average, Japan, JPN
44.4906,1997, Feb Average, Japan, JPN
81.5417,1997, Mar Average, Japan, JPN
107.619,1997, Apr Average, Japan, JPN
162.361,1997, May Average, Japan, JPN
191.869,1997, Jun Average, Japan, JPN
266.564,1997, Jul Average, Japan, JPN
164.877,1997, Aug Average, Japan, JPN
230.562,1997, Sep Average, Japan, JPN
71.5398,1997, Oct Average, Japan, JPN
148.128,1997, Nov Average, Japan, JPN
73.6015,1997, Dec Average, Japan, JPN
140.645,1998, Jan Average, Japan, JPN
86.5135,1998, Feb Average, Japan, JPN
79.1799,1998, Mar Average, Japan, JPN
155.758,1998, Apr Average, Japan, JPN
196.184,1998, May Average, Japan, JPN
248.507,1998, Jun Average, Japan, JPN
191.666,1998, Jul Average, Japan, JPN
229.597,1998, Aug Average, Japan, JPN
234.894,1998, Sep Average, Japan, JPN
211.884,1998, Oct Average, Japan, JPN
70.5794,1998, Nov Average, Japan, JPN
56.0822,1998, Dec Average, Japan, JPN
47.9565,1999, Jan Average, Japan, JPN
61.8491,1999, Feb Average, Japan, JPN
113.912,1999, Mar Average, Japan, JPN
110.981,1999, Apr Average, Japan, JPN
142.673,1999, May Average, Japan, JPN
273.756,1999, Jun Average, Japan, JPN
261.919,1999, Jul Average, Japan, JPN
211.849,1999, Aug Average, Japan, JPN
229.32,1999, Sep Average, Japan, JPN
124.068,1999, Oct Average, Japan, JPN
90.1474,1999, Nov Average, Japan, JPN
52.6863,1999, Dec Average, Japan, JPN
82.9478,2000, Jan Average, Japan, JPN
40.6196,2000, Feb Average, Japan, JPN
96.8811,2000, Mar Average, Japan, JPN
131.035,2000, Apr Average, Japan, JPN
126.654,2000, May Average, Japan, JPN
198.656,2000, Jun Average, Japan, JPN
186.065,2000, Jul Average, Japan, JPN
93.4195,2000, Aug Average, Japan, JPN
282.041,2000, Sep Average, Japan, JPN
117.022,2000, Oct Average, Japan, JPN
118.963,2000, Nov Average, Japan, JPN
56.5795,2000, Dec Average, Japan, JPN
114.429,2001, Jan Average, Japan, JPN
63.0038,2001, Feb Average, Japan, JPN
84.8734,2001, Mar Average, Japan, JPN
51.5594,2001, Apr Average, Japan, JPN
125.862,2001, May Average, Japan, JPN
217.216,2001, Jun Average, Japan, JPN
159.175,2001, Jul Average, Japan, JPN
180.216,2001, Aug Average, Japan, JPN
207.912,2001, Sep Average, Japan, JPN
186.857,2001, Oct Average, Japan, JPN
81.531,2001, Nov Average, Japan, JPN
67.1886,2001, Dec Average, Japan, JPN
120.41,2002, Jan Average, Japan, JPN
38.5169,2002, Feb Average, Japan, JPN
98.1672,2002, Mar Average, Japan, JPN
88.1308,2002, Apr Average, Japan, JPN
137.375,2002, May Average, Japan, JPN
148.938,2002, Jun Average, Japan, JPN
267.994,2002, Jul Average, Japan, JPN
169.042,2002, Aug Average, Japan, JPN
132.369,2002, Sep Average, Japan, JPN
156.497,2002, Oct Average, Japan, JPN
104.161,2002, Nov Average, Japan, JPN
89.6833,2002, Dec Average, Japan, JPN
97.5212,2003, Jan Average, Japan, JPN
48.902,2003, Feb Average, Japan, JPN
107.216,2003, Mar Average, Japan, JPN
140.087,2003, Apr Average, Japan, JPN
134.633,2003, May Average, Japan, JPN
174.246,2003, Jun Average, Japan, JPN
253.245,2003, Jul Average, Japan, JPN
291.622,2003, Aug Average, Japan, JPN
140.755,2003, Sep Average, Japan, JPN
102.038,2003, Oct Average, Japan, JPN
154.757,2003, Nov Average, Japan, JPN
64.6947,2003, Dec Average, Japan, JPN
54.4053,2004, Jan Average, Japan, JPN
67.5119,2004, Feb Average, Japan, JPN
78.4578,2004, Mar Average, Japan, JPN
97.7783,2004, Apr Average, Japan, JPN
221.549,2004, May Average, Japan, JPN
158.567,2004, Jun Average, Japan, JPN
119.352,2004, Jul Average, Japan, JPN
199.367,2004, Aug Average, Japan, JPN
240.789,2004, Sep Average, Japan, JPN
212.583,2004, Oct Average, Japan, JPN
97.645,2004, Nov Average, Japan, JPN
128.472,2004, Dec Average, Japan, JPN
77.5203,2005, Jan Average, Japan, JPN
82.0538,2005, Feb Average, Japan, JPN
97.8419,2005, Mar Average, Japan, JPN
67.0028,2005, Apr Average, Japan, JPN
100.022,2005, May Average, Japan, JPN
112.078,2005, Jun Average, Japan, JPN
265.748,2005, Jul Average, Japan, JPN
171.395,2005, Aug Average, Japan, JPN
149.218,2005, Sep Average, Japan, JPN
113.213,2005, Oct Average, Japan, JPN
87.2313,2005, Nov Average, Japan, JPN
66.7033,2005, Dec Average, Japan, JPN
65.4496,2006, Jan Average, Japan, JPN
101.409,2006, Feb Average, Japan, JPN
100.674,2006, Mar Average, Japan, JPN
136.92,2006, Apr Average, Japan, JPN
164.899,2006, May Average, Japan, JPN
190.781,2006, Jun Average, Japan, JPN
338.839,2006, Jul Average, Japan, JPN
147.306,2006, Aug Average, Japan, JPN
151.142,2006, Sep Average, Japan, JPN
151.652,2006, Oct Average, Japan, JPN
129.13,2006, Nov Average, Japan, JPN
118.359,2006, Dec Average, Japan, JPN
63.7022,2007, Jan Average, Japan, JPN
59.7387,2007, Feb Average, Japan, JPN
76.3396,2007, Mar Average, Japan, JPN
76.6654,2007, Apr Average, Japan, JPN
133.168,2007, May Average, Japan, JPN
146.308,2007, Jun Average, Japan, JPN
316.982,2007, Jul Average, Japan, JPN
142.417,2007, Aug Average, Japan, JPN
192.165,2007, Sep Average, Japan, JPN
108.301,2007, Oct Average, Japan, JPN
52.1809,2007, Nov Average, Japan, JPN
94.3828,2007, Dec Average, Japan, JPN
60.1365,2008, Jan Average, Japan, JPN
57.7638,2008, Feb Average, Japan, JPN
87.2282,2008, Mar Average, Japan, JPN
118.766,2008, Apr Average, Japan, JPN
169.606,2008, May Average, Japan, JPN
211.14,2008, Jun Average, Japan, JPN
97.3784,2008, Jul Average, Japan, JPN
237.19,2008, Aug Average, Japan, JPN
157.404,2008, Sep Average, Japan, JPN
113.621,2008, Oct Average, Japan, JPN
93.9348,2008, Nov Average, Japan, JPN
81.5074,2008, Dec Average, Japan, JPN
107.416,2009, Jan Average, Japan, JPN
92.6271,2009, Feb Average, Japan, JPN
103.434,2009, Mar Average, Japan, JPN
113.575,2009, Apr Average, Japan, JPN
95.094,2009, May Average, Japan, JPN
188.031,2009, Jun Average, Japan, JPN
310.898,2009, Jul Average, Japan, JPN
159.518,2009, Aug Average, Japan, JPN
76.9042,2009, Sep Average, Japan, JPN
158.478,2009, Oct Average, Japan, JPN
146.451,2009, Nov Average, Japan, JPN
89.4686,2009, Dec Average, Japan, JPN
52.6746,2010, Jan Average, Japan, JPN
99.6312,2010, Feb Average, Japan, JPN
146.778,2010, Mar Average, Japan, JPN
172.423,2010, Apr Average, Japan, JPN
158.747,2010, May Average, Japan, JPN
228.558,2010, Jun Average, Japan, JPN
241.428,2010, Jul Average, Japan, JPN
113.261,2010, Aug Average, Japan, JPN
185.559,2010, Sep Average, Japan, JPN
152.744,2010, Oct Average, Japan, JPN
87.252,2010, Nov Average, Japan, JPN
119.141,2010, Dec Average, Japan, JPN
40.0294,2011, Jan Average, Japan, JPN
77.8164,2011, Feb Average, Japan, JPN
54.9459,2011, Mar Average, Japan, JPN
94.4972,2011, Apr Average, Japan, JPN
222.471,2011, May Average, Japan, JPN
236.163,2011, Jun Average, Japan, JPN
193.029,2011, Jul Average, Japan, JPN
176.422,2011, Aug Average, Japan, JPN
335.667,2011, Sep Average, Japan, JPN
131.357,2011, Oct Average, Japan, JPN
100.434,2011, Nov Average, Japan, JPN
78.6231,2011, Dec Average, Japan, JPN
53.6177,2012, Jan Average, Japan, JPN
96.4644,2012, Feb Average, Japan, JPN
127.768,2012, Mar Average, Japan, JPN
117.07,2012, Apr Average, Japan, JPN
120.189,2012, May Average, Japan, JPN
232.939,2012, Jun Average, Japan, JPN
232.982,2012, Jul Average, Japan, JPN
144.013,2012, Aug Average, Japan, JPN
202.781,2012, Sep Average, Japan, JPN
125.149,2012, Oct Average, Japan, JPN
142.97,2012, Nov Average, Japan, JPN
110.19,2012, Dec Average, Japan, JPN
67.1309,2013, Jan Average, Japan, JPN
74.917,2013, Feb Average, Japan, JPN
65.349,2013, Mar Average, Japan, JPN
147.315,2013, Apr Average, Japan, JPN
75.5176,2013, May Average, Japan, JPN
191.602,2013, Jun Average, Japan, JPN
170.404,2013, Jul Average, Japan, JPN
209.122,2013, Aug Average, Japan, JPN
252.376,2013, Sep Average, Japan, JPN
245.443,2013, Oct Average, Japan, JPN
109.663,2013, Nov Average, Japan, JPN
92.822,2013, Dec Average, Japan, JPN
64.6873,2014, Jan Average, Japan, JPN
93.3489,2014, Feb Average, Japan, JPN
126.989,2014, Mar Average, Japan, JPN
79.651,2014, Apr Average, Japan, JPN
118.189,2014, May Average, Japan, JPN
193.014,2014, Jun Average, Japan, JPN
192.571,2014, Jul Average, Japan, JPN
317.804,2014, Aug Average, Japan, JPN
125.185,2014, Sep Average, Japan, JPN
193.458,2014, Oct Average, Japan, JPN
88.7307,2014, Nov Average, Japan, JPN
116.303,2014, Dec Average, Japan, JPN
95.329,2015, Jan Average, Japan, JPN
53.7519,2015, Feb Average, Japan, JPN
122.18,2015, Mar Average, Japan, JPN
141.949,2015, Apr Average, Japan, JPN
93.5506,2015, May Average, Japan, JPN
206.605,2015, Jun Average, Japan, JPN
252.408,2015, Jul Average, Japan, JPN
213.841,2015, Aug Average, Japan, JPN
241.598,2015, Sep Average, Japan, JPN
82.1031,2015, Oct Average, Japan, JPN
153.863,2015, Nov Average, Japan, JPN
100.822,2015, Dec Average, Japan, JPN
96.0491,2016, Jan Average, Japan, JPN
80.8023,2016, Feb Average, Japan, JPN
75.516,2016, Mar Average, Japan, JPN
149.907,2016, Apr Average, Japan, JPN
125.915,2016, May Average, Japan, JPN
282.317,2016, Jun Average, Japan, JPN
180.025,2016, Jul Average, Japan, JPN
229.448,2016, Aug Average, Japan, JPN
270.877,2016, Sep Average, Japan, JPN
114.16,2016, Oct Average, Japan, JPN
95.4098,2016, Nov Average, Japan, JPN
113.976,2016, Dec Average, Japan, JPN