,Rainfall - (MM),Year,Statistics,Country,ISO3,Temperature - (Celsius)
828,23.33,1970, Jan Average, Canada, CAN,-24.875
829,21.2561,1970, Feb Average, Canada, CAN,-22.899
830,23.1044,1970, Mar Average, Canada, CAN,-17.491
831,23.1622,1970, Apr Average, Canada, CAN,-10.191
832,33.2727,1970, May Average, Canada, CAN,-1.5701
833,51.1223,1970, Jun Average, Canada, CAN,7.580989999999999
834,55.9302,1970, Jul Average, Canada, CAN,11.5285
835,54.247,1970, Aug Average, Canada, CAN,10.0692
836,51.7125,1970, Sep Average, Canada, CAN,3.29204
837,41.9516,1970, Oct Average, Canada, CAN,-3.6619
838,31.6092,1970, Nov Average, Canada, CAN,-13.886
839,30.4723,1970, Dec Average, Canada, CAN,-24.38
840,33.6404,1971, Jan Average, Canada, CAN,-26.33
841,26.0748,1971, Feb Average, Canada, CAN,-22.421
842,26.2743,1971, Mar Average, Canada, CAN,-17.93
843,23.986,1971, Apr Average, Canada, CAN,-8.9378
844,27.8642,1971, May Average, Canada, CAN,0.53579
845,47.8564,1971, Jun Average, Canada, CAN,8.10098
846,58.6803,1971, Jul Average, Canada, CAN,11.1785
847,54.6977,1971, Aug Average, Canada, CAN,9.715010000000001
848,52.2125,1971, Sep Average, Canada, CAN,4.1582300000000005
849,45.8615,1971, Oct Average, Canada, CAN,-2.9688
850,38.4552,1971, Nov Average, Canada, CAN,-14.835999999999999
851,33.4655,1971, Dec Average, Canada, CAN,-24.331999999999997
852,28.4831,1972, Jan Average, Canada, CAN,-28.23
853,29.8813,1972, Feb Average, Canada, CAN,-27.361
854,33.459,1972, Mar Average, Canada, CAN,-19.487000000000002
855,21.8713,1972, Apr Average, Canada, CAN,-11.796
856,27.8967,1972, May Average, Canada, CAN,-0.8731
857,50.5256,1972, Jun Average, Canada, CAN,6.43294
858,52.7232,1972, Jul Average, Canada, CAN,9.90242
859,53.1781,1972, Aug Average, Canada, CAN,9.42089
860,52.6391,1972, Sep Average, Canada, CAN,1.23856
861,38.4631,1972, Oct Average, Canada, CAN,-6.5425
862,29.4118,1972, Nov Average, Canada, CAN,-15.055
863,31.7319,1972, Dec Average, Canada, CAN,-25.063000000000002
864,27.2964,1973, Jan Average, Canada, CAN,-23.351999999999997
865,23.0502,1973, Feb Average, Canada, CAN,-24.388
866,25.3717,1973, Mar Average, Canada, CAN,-17.157
867,28.5937,1973, Apr Average, Canada, CAN,-9.8949
868,29.1161,1973, May Average, Canada, CAN,1.07998
869,54.1812,1973, Jun Average, Canada, CAN,8.19086
870,55.5706,1973, Jul Average, Canada, CAN,11.7949
871,63.4182,1973, Aug Average, Canada, CAN,10.6666
872,49.6504,1973, Sep Average, Canada, CAN,4.43114
873,41.4936,1973, Oct Average, Canada, CAN,-2.3463
874,41.9875,1973, Nov Average, Canada, CAN,-14.706
875,35.1954,1973, Dec Average, Canada, CAN,-20.48
876,32.7043,1974, Jan Average, Canada, CAN,-27.54
877,24.4528,1974, Feb Average, Canada, CAN,-24.226
878,29.0753,1974, Mar Average, Canada, CAN,-21.753
879,26.3847,1974, Apr Average, Canada, CAN,-11.255999999999998
880,37.9506,1974, May Average, Canada, CAN,-1.0459
881,49.88399999999999,1974, Jun Average, Canada, CAN,7.31352
882,61.3664,1974, Jul Average, Canada, CAN,11.2722
883,59.0514,1974, Aug Average, Canada, CAN,9.17346
884,43.7773,1974, Sep Average, Canada, CAN,2.1844099999999997
885,42.1425,1974, Oct Average, Canada, CAN,-6.1118
886,31.9773,1974, Nov Average, Canada, CAN,-12.821
887,33.4209,1974, Dec Average, Canada, CAN,-19.522000000000002
888,29.8147,1975, Jan Average, Canada, CAN,-26.789
889,19.5634,1975, Feb Average, Canada, CAN,-23.189
890,25.8168,1975, Mar Average, Canada, CAN,-20.052
891,25.6136,1975, Apr Average, Canada, CAN,-9.3225
892,29.2152,1975, May Average, Canada, CAN,1.2160600000000001
893,50.3928,1975, Jun Average, Canada, CAN,8.81592
894,61.0204,1975, Jul Average, Canada, CAN,12.065999999999999
895,63.1469,1975, Aug Average, Canada, CAN,9.5822
896,41.9872,1975, Sep Average, Canada, CAN,3.57332
897,41.8816,1975, Oct Average, Canada, CAN,-4.0942
898,40.9308,1975, Nov Average, Canada, CAN,-14.629000000000001
899,35.576,1975, Dec Average, Canada, CAN,-22.846999999999998
900,31.301,1976, Jan Average, Canada, CAN,-24.142
901,26.7304,1976, Feb Average, Canada, CAN,-23.668000000000003
902,28.8898,1976, Mar Average, Canada, CAN,-20.067
903,26.0722,1976, Apr Average, Canada, CAN,-7.1204
904,36.147,1976, May Average, Canada, CAN,0.30612
905,53.0555,1976, Jun Average, Canada, CAN,7.25431
906,61.5692,1976, Jul Average, Canada, CAN,11.1898
907,57.1696,1976, Aug Average, Canada, CAN,9.57152
908,38.8476,1976, Sep Average, Canada, CAN,4.51206
909,36.9827,1976, Oct Average, Canada, CAN,-5.1781
910,26.1514,1976, Nov Average, Canada, CAN,-13.302
911,36.9964,1976, Dec Average, Canada, CAN,-22.654
912,30.5888,1977, Jan Average, Canada, CAN,-21.066
913,23.7728,1977, Feb Average, Canada, CAN,-19.836
914,27.6742,1977, Mar Average, Canada, CAN,-16.35
915,23.4707,1977, Apr Average, Canada, CAN,-7.8765
916,41.8325,1977, May Average, Canada, CAN,1.5462200000000001
917,46.4958,1977, Jun Average, Canada, CAN,7.95252
918,61.1316,1977, Jul Average, Canada, CAN,10.7668
919,50.8092,1977, Aug Average, Canada, CAN,9.19005
920,46.0657,1977, Sep Average, Canada, CAN,4.05278
921,40.8282,1977, Oct Average, Canada, CAN,-2.9169
922,41.8077,1977, Nov Average, Canada, CAN,-13.852
923,31.006,1977, Dec Average, Canada, CAN,-23.743000000000002
924,25.6227,1978, Jan Average, Canada, CAN,-24.226
925,14.685,1978, Feb Average, Canada, CAN,-19.712
926,22.8947,1978, Mar Average, Canada, CAN,-19.407
927,26.4516,1978, Apr Average, Canada, CAN,-10.158
928,35.1362,1978, May Average, Canada, CAN,-0.6173
929,49.24,1978, Jun Average, Canada, CAN,6.0433
930,59.9285,1978, Jul Average, Canada, CAN,10.3079
931,65.3139,1978, Aug Average, Canada, CAN,8.68397
932,47.8763,1978, Sep Average, Canada, CAN,3.3754199999999996
933,40.7074,1978, Oct Average, Canada, CAN,-6.5219
934,34.1593,1978, Nov Average, Canada, CAN,-16.317999999999998
935,30.5204,1978, Dec Average, Canada, CAN,-20.41
936,23.743000000000002,1979, Jan Average, Canada, CAN,-23.26
937,24.2648,1979, Feb Average, Canada, CAN,-30.104
938,31.5576,1979, Mar Average, Canada, CAN,-18.965999999999998
939,28.0533,1979, Apr Average, Canada, CAN,-9.9584
940,40.9515,1979, May Average, Canada, CAN,-0.1377
941,48.7846,1979, Jun Average, Canada, CAN,6.63868
942,58.7881,1979, Jul Average, Canada, CAN,11.7178
943,56.5579,1979, Aug Average, Canada, CAN,8.97688
944,50.1132,1979, Sep Average, Canada, CAN,3.6528199999999997
945,43.2324,1979, Oct Average, Canada, CAN,-4.2258
946,30.9597,1979, Nov Average, Canada, CAN,-12.068
947,33.0396,1979, Dec Average, Canada, CAN,-19.641
948,28.7803,1980, Jan Average, Canada, CAN,-23.949
949,18.1049,1980, Feb Average, Canada, CAN,-20.006
950,26.1109,1980, Mar Average, Canada, CAN,-17.805
951,24.4864,1980, Apr Average, Canada, CAN,-8.0877
952,32.5627,1980, May Average, Canada, CAN,1.69982
953,48.5299,1980, Jun Average, Canada, CAN,7.28118
954,61.2193,1980, Jul Average, Canada, CAN,10.8725
955,65.166,1980, Aug Average, Canada, CAN,10.0146
956,59.9289,1980, Sep Average, Canada, CAN,2.21258
957,38.3458,1980, Oct Average, Canada, CAN,-3.1291
958,35.1401,1980, Nov Average, Canada, CAN,-12.741
959,40.0238,1980, Dec Average, Canada, CAN,-24.256999999999998
960,22.4866,1981, Jan Average, Canada, CAN,-18.278
961,26.0932,1981, Feb Average, Canada, CAN,-19.211
962,22.3106,1981, Mar Average, Canada, CAN,-13.994000000000002
963,32.8397,1981, Apr Average, Canada, CAN,-10.378
964,33.3543,1981, May Average, Canada, CAN,1.08804
965,57.3583,1981, Jun Average, Canada, CAN,7.264069999999999
966,54.7797,1981, Jul Average, Canada, CAN,11.617
967,50.2669,1981, Aug Average, Canada, CAN,10.859000000000002
968,56.48,1981, Sep Average, Canada, CAN,4.36145
969,50.8365,1981, Oct Average, Canada, CAN,-3.4806
970,34.7058,1981, Nov Average, Canada, CAN,-10.654000000000002
971,29.2444,1981, Dec Average, Canada, CAN,-18.561
972,37.3694,1982, Jan Average, Canada, CAN,-28.346999999999998
973,23.0662,1982, Feb Average, Canada, CAN,-24.307
974,26.4967,1982, Mar Average, Canada, CAN,-19.772000000000002
975,27.8706,1982, Apr Average, Canada, CAN,-11.68
976,32.1379,1982, May Average, Canada, CAN,-0.4453
977,47.2122,1982, Jun Average, Canada, CAN,7.1890600000000004
978,62.2768,1982, Jul Average, Canada, CAN,11.4828
979,59.7847,1982, Aug Average, Canada, CAN,8.44477
980,53.3212,1982, Sep Average, Canada, CAN,3.78436
981,42.3814,1982, Oct Average, Canada, CAN,-4.0497
982,33.2688,1982, Nov Average, Canada, CAN,-16.704
983,31.0048,1982, Dec Average, Canada, CAN,-21.955
984,27.5051,1983, Jan Average, Canada, CAN,-24.003
985,22.5678,1983, Feb Average, Canada, CAN,-23.236
986,29.3211,1983, Mar Average, Canada, CAN,-18.749000000000002
987,29.514,1983, Apr Average, Canada, CAN,-9.3896
988,34.3898,1983, May Average, Canada, CAN,-2.6069999999999998
989,49.1412,1983, Jun Average, Canada, CAN,8.0441
990,63.7739,1983, Jul Average, Canada, CAN,11.4001
991,50.2787,1983, Aug Average, Canada, CAN,10.3634
992,57.882,1983, Sep Average, Canada, CAN,4.19728
993,40.0549,1983, Oct Average, Canada, CAN,-4.2586
994,40.7865,1983, Nov Average, Canada, CAN,-11.595999999999998
995,28.2985,1983, Dec Average, Canada, CAN,-23.561
996,27.533,1984, Jan Average, Canada, CAN,-25.034000000000002
997,26.239,1984, Feb Average, Canada, CAN,-20.555
998,23.1136,1984, Mar Average, Canada, CAN,-18.094
999,22.4547,1984, Apr Average, Canada, CAN,-7.3443
1000,39.9478,1984, May Average, Canada, CAN,0.34567
1001,61.4615,1984, Jun Average, Canada, CAN,8.11812
1002,59.9509,1984, Jul Average, Canada, CAN,11.7815
1003,58.818000000000005,1984, Aug Average, Canada, CAN,10.292
1004,46.583,1984, Sep Average, Canada, CAN,2.49626
1005,46.7598,1984, Oct Average, Canada, CAN,-4.3724
1006,37.1554,1984, Nov Average, Canada, CAN,-15.297
1007,31.4287,1984, Dec Average, Canada, CAN,-24.386
1008,23.5709,1985, Jan Average, Canada, CAN,-20.929000000000002
1009,26.0554,1985, Feb Average, Canada, CAN,-25.171999999999997
1010,22.4367,1985, Mar Average, Canada, CAN,-17.667
1011,25.9387,1985, Apr Average, Canada, CAN,-10.932
1012,33.5218,1985, May Average, Canada, CAN,0.9154899999999999
1013,44.7689,1985, Jun Average, Canada, CAN,7.59738
1014,60.1862,1985, Jul Average, Canada, CAN,10.8884
1015,60.3945,1985, Aug Average, Canada, CAN,8.928980000000001
1016,57.5377,1985, Sep Average, Canada, CAN,4.05695
1017,43.6127,1985, Oct Average, Canada, CAN,-4.7472
1018,32.0139,1985, Nov Average, Canada, CAN,-17.363
1019,25.0169,1985, Dec Average, Canada, CAN,-18.908
1020,32.3614,1986, Jan Average, Canada, CAN,-22.694000000000003
1021,21.824,1986, Feb Average, Canada, CAN,-21.273000000000003
1022,27.8787,1986, Mar Average, Canada, CAN,-18.394000000000002
1023,31.4719,1986, Apr Average, Canada, CAN,-9.7442
1024,34.5838,1986, May Average, Canada, CAN,0.73193
1025,49.2131,1986, Jun Average, Canada, CAN,6.23032
1026,62.5094,1986, Jul Average, Canada, CAN,10.6192
1027,58.8457,1986, Aug Average, Canada, CAN,9.14045
1028,53.1911,1986, Sep Average, Canada, CAN,2.98315
1029,35.6579,1986, Oct Average, Canada, CAN,-5.5232
1030,35.6797,1986, Nov Average, Canada, CAN,-17.847
1031,25.9865,1986, Dec Average, Canada, CAN,-18.785999999999998
1032,25.4895,1987, Jan Average, Canada, CAN,-20.816
1033,21.6329,1987, Feb Average, Canada, CAN,-20.743000000000002
1034,23.3746,1987, Mar Average, Canada, CAN,-17.688
1035,23.5836,1987, Apr Average, Canada, CAN,-8.4067
1036,32.5999,1987, May Average, Canada, CAN,-0.5596
1037,49.7098,1987, Jun Average, Canada, CAN,7.7667600000000006
1038,61.5732,1987, Jul Average, Canada, CAN,11.4372
1039,64.348,1987, Aug Average, Canada, CAN,8.80918
1040,44.5679,1987, Sep Average, Canada, CAN,5.26737
1041,35.0272,1987, Oct Average, Canada, CAN,-3.6923
1042,37.1659,1987, Nov Average, Canada, CAN,-12.837
1043,28.7037,1987, Dec Average, Canada, CAN,-16.686
1044,24.5965,1988, Jan Average, Canada, CAN,-24.537
1045,24.9542,1988, Feb Average, Canada, CAN,-22.671999999999997
1046,27.5919,1988, Mar Average, Canada, CAN,-15.526
1047,24.6629,1988, Apr Average, Canada, CAN,-7.1152
1048,35.5226,1988, May Average, Canada, CAN,0.62531
1049,53.8799,1988, Jun Average, Canada, CAN,8.176730000000001
1050,63.0192,1988, Jul Average, Canada, CAN,11.8185
1051,62.8468,1988, Aug Average, Canada, CAN,10.3837
1052,51.7934,1988, Sep Average, Canada, CAN,4.31335
1053,41.933,1988, Oct Average, Canada, CAN,-3.4239
1054,43.3777,1988, Nov Average, Canada, CAN,-14.517999999999999
1055,25.5978,1988, Dec Average, Canada, CAN,-20.989
1056,29.171999999999997,1989, Jan Average, Canada, CAN,-25.308000000000003
1057,15.7445,1989, Feb Average, Canada, CAN,-22.621
1058,22.1677,1989, Mar Average, Canada, CAN,-21.288
1059,19.0946,1989, Apr Average, Canada, CAN,-8.429
1060,38.5447,1989, May Average, Canada, CAN,-0.5109
1061,48.3586,1989, Jun Average, Canada, CAN,8.32968
1062,56.9439,1989, Jul Average, Canada, CAN,12.2875
1063,52.3204,1989, Aug Average, Canada, CAN,10.7646
1064,47.4038,1989, Sep Average, Canada, CAN,4.2028099999999995
1065,39.4623,1989, Oct Average, Canada, CAN,-4.3377
1066,49.4974,1989, Nov Average, Canada, CAN,-16.656
1067,28.5401,1989, Dec Average, Canada, CAN,-22.299
1068,30.8281,1990, Jan Average, Canada, CAN,-23.769000000000002
1069,21.4976,1990, Feb Average, Canada, CAN,-26.31
1070,22.1333,1990, Mar Average, Canada, CAN,-15.32
1071,27.2266,1990, Apr Average, Canada, CAN,-8.6095
1072,31.8013,1990, May Average, Canada, CAN,0.20027
1073,52.9229,1990, Jun Average, Canada, CAN,7.89296
1074,54.946999999999996,1990, Jul Average, Canada, CAN,11.8204
1075,52.2514,1990, Aug Average, Canada, CAN,9.812560000000001
1076,43.7914,1990, Sep Average, Canada, CAN,4.12654
1077,47.4897,1990, Oct Average, Canada, CAN,-5.4411
1078,43.0974,1990, Nov Average, Canada, CAN,-16.389
1079,39.5384,1990, Dec Average, Canada, CAN,-24.01
1080,21.2631,1991, Jan Average, Canada, CAN,-26.045
1081,22.201,1991, Feb Average, Canada, CAN,-21.035999999999998
1082,27.1536,1991, Mar Average, Canada, CAN,-17.792
1083,22.739,1991, Apr Average, Canada, CAN,-8.017000000000001
1084,34.3264,1991, May Average, Canada, CAN,1.2486
1085,50.6414,1991, Jun Average, Canada, CAN,8.49863
1086,58.5966,1991, Jul Average, Canada, CAN,11.59
1087,57.4714,1991, Aug Average, Canada, CAN,10.5824
1088,53.3175,1991, Sep Average, Canada, CAN,3.77629
1089,48.7134,1991, Oct Average, Canada, CAN,-5.4733
1090,40.9953,1991, Nov Average, Canada, CAN,-14.710999999999999
1091,31.6931,1991, Dec Average, Canada, CAN,-21.206
1092,32.9765,1992, Jan Average, Canada, CAN,-22.319000000000003
1093,20.8718,1992, Feb Average, Canada, CAN,-23.093000000000004
1094,23.1448,1992, Mar Average, Canada, CAN,-16.191
1095,27.5344,1992, Apr Average, Canada, CAN,-10.725999999999999
1096,30.0429,1992, May Average, Canada, CAN,-1.0934
1097,44.9349,1992, Jun Average, Canada, CAN,6.44914
1098,56.9631,1992, Jul Average, Canada, CAN,10.1349
1099,54.1,1992, Aug Average, Canada, CAN,9.14015
1100,63.5801,1992, Sep Average, Canada, CAN,2.3561799999999997
1101,37.8426,1992, Oct Average, Canada, CAN,-4.4614
1102,35.0793,1992, Nov Average, Canada, CAN,-13.408
1103,27.3459,1992, Dec Average, Canada, CAN,-21.939
1104,23.1208,1993, Jan Average, Canada, CAN,-23.408
1105,17.3294,1993, Feb Average, Canada, CAN,-23.114
1106,20.3115,1993, Mar Average, Canada, CAN,-16.475
1107,25.654,1993, Apr Average, Canada, CAN,-8.6535
1108,37.0018,1993, May Average, Canada, CAN,1.17711
1109,51.7326,1993, Jun Average, Canada, CAN,7.7323
1110,71.57600000000001,1993, Jul Average, Canada, CAN,11.4595
1111,57.6584,1993, Aug Average, Canada, CAN,9.725430000000001
1112,48.1933,1993, Sep Average, Canada, CAN,3.16538
1113,39.2609,1993, Oct Average, Canada, CAN,-3.8782
1114,32.4885,1993, Nov Average, Canada, CAN,-15.152999999999999
1115,29.1558,1993, Dec Average, Canada, CAN,-19.855999999999998
1116,29.1627,1994, Jan Average, Canada, CAN,-26.802
1117,22.3676,1994, Feb Average, Canada, CAN,-26.206999999999997
1118,26.6291,1994, Mar Average, Canada, CAN,-16.623
1119,24.3355,1994, Apr Average, Canada, CAN,-9.3534
1120,34.6473,1994, May Average, Canada, CAN,1.05245
1121,50.3888,1994, Jun Average, Canada, CAN,8.63782
1122,61.3459,1994, Jul Average, Canada, CAN,12.2052
1123,53.6642,1994, Aug Average, Canada, CAN,10.1797
1124,50.2541,1994, Sep Average, Canada, CAN,4.65531
1125,40.1133,1994, Oct Average, Canada, CAN,-2.1961
1126,41.6341,1994, Nov Average, Canada, CAN,-13.056
1127,27.8465,1994, Dec Average, Canada, CAN,-19.491
1128,24.259,1995, Jan Average, Canada, CAN,-21.555999999999997
1129,23.0539,1995, Feb Average, Canada, CAN,-23.17
1130,28.1074,1995, Mar Average, Canada, CAN,-18.469
1131,22.8418,1995, Apr Average, Canada, CAN,-7.4833
1132,22.7506,1995, May Average, Canada, CAN,0.9268299999999999
1133,41.3449,1995, Jun Average, Canada, CAN,9.35252
1134,62.9439,1995, Jul Average, Canada, CAN,11.2072
1135,59.7341,1995, Aug Average, Canada, CAN,10.0106
1136,40.4246,1995, Sep Average, Canada, CAN,4.23431
1137,48.2775,1995, Oct Average, Canada, CAN,-3.7493
1138,46.7575,1995, Nov Average, Canada, CAN,-14.620999999999999
1139,28.615,1995, Dec Average, Canada, CAN,-21.956999999999997
1140,31.2896,1996, Jan Average, Canada, CAN,-27.103
1141,30.7254,1996, Feb Average, Canada, CAN,-21.011999999999997
1142,24.8379,1996, Mar Average, Canada, CAN,-19.204
1143,29.8722,1996, Apr Average, Canada, CAN,-9.212
1144,30.8056,1996, May Average, Canada, CAN,-0.9641
1145,47.1003,1996, Jun Average, Canada, CAN,8.13306
1146,60.4718,1996, Jul Average, Canada, CAN,11.6808
1147,58.7322,1996, Aug Average, Canada, CAN,9.58337
1148,53.7867,1996, Sep Average, Canada, CAN,4.1813
1149,42.8244,1996, Oct Average, Canada, CAN,-5.496
1150,37.5455,1996, Nov Average, Canada, CAN,-14.427
1151,37.3798,1996, Dec Average, Canada, CAN,-20.368
1152,34.0762,1997, Jan Average, Canada, CAN,-24.75
1153,20.558000000000003,1997, Feb Average, Canada, CAN,-22.087
1154,30.3727,1997, Mar Average, Canada, CAN,-19.533
1155,23.1618,1997, Apr Average, Canada, CAN,-9.5683
1156,34.8377,1997, May Average, Canada, CAN,-0.4172
1157,56.9751,1997, Jun Average, Canada, CAN,8.080110000000001
1158,67.6904,1997, Jul Average, Canada, CAN,11.8753
1159,51.911,1997, Aug Average, Canada, CAN,9.82408
1160,57.0175,1997, Sep Average, Canada, CAN,4.63351
1161,46.4276,1997, Oct Average, Canada, CAN,-5.165
1162,28.5291,1997, Nov Average, Canada, CAN,-11.687999999999999
1163,25.9246,1997, Dec Average, Canada, CAN,-17.085
1164,29.4,1998, Jan Average, Canada, CAN,-25.281
1165,20.9726,1998, Feb Average, Canada, CAN,-19.185
1166,23.8688,1998, Mar Average, Canada, CAN,-16.37
1167,23.3489,1998, Apr Average, Canada, CAN,-5.8479
1168,32.3,1998, May Average, Canada, CAN,2.69854
1169,54.3542,1998, Jun Average, Canada, CAN,9.22056
1170,58.8846,1998, Jul Average, Canada, CAN,12.8029
1171,51.8431,1998, Aug Average, Canada, CAN,11.3447
1172,51.0795,1998, Sep Average, Canada, CAN,5.69249
1173,48.3767,1998, Oct Average, Canada, CAN,-2.1663
1174,33.1645,1998, Nov Average, Canada, CAN,-10.505
1175,31.951999999999998,1998, Dec Average, Canada, CAN,-18.317
1176,33.8772,1999, Jan Average, Canada, CAN,-23.951
1177,26.5582,1999, Feb Average, Canada, CAN,-19.867
1178,27.5446,1999, Mar Average, Canada, CAN,-14.773
1179,23.6067,1999, Apr Average, Canada, CAN,-7.1377
1180,39.857,1999, May Average, Canada, CAN,0.38315
1181,57.2368,1999, Jun Average, Canada, CAN,7.9953
1182,64.2913,1999, Jul Average, Canada, CAN,11.075999999999999
1183,52.2234,1999, Aug Average, Canada, CAN,10.4447
1184,51.6808,1999, Sep Average, Canada, CAN,4.81506
1185,40.7238,1999, Oct Average, Canada, CAN,-4.4399
1186,37.924,1999, Nov Average, Canada, CAN,-11.639000000000001
1187,31.0601,1999, Dec Average, Canada, CAN,-18.432000000000002
1188,27.008000000000003,2000, Jan Average, Canada, CAN,-23.767
1189,19.9457,2000, Feb Average, Canada, CAN,-20.143
1190,24.9111,2000, Mar Average, Canada, CAN,-14.731
1191,23.7452,2000, Apr Average, Canada, CAN,-9.269
1192,35.4066,2000, May Average, Canada, CAN,-0.5437
1193,48.9928,2000, Jun Average, Canada, CAN,7.07799
1194,58.4801,2000, Jul Average, Canada, CAN,11.9509
1195,69.7066,2000, Aug Average, Canada, CAN,9.59975
1196,49.8899,2000, Sep Average, Canada, CAN,3.44001
1197,36.364000000000004,2000, Oct Average, Canada, CAN,-3.8811
1198,30.6535,2000, Nov Average, Canada, CAN,-12.423
1199,31.8063,2000, Dec Average, Canada, CAN,-21.843000000000004
1200,20.5975,2001, Jan Average, Canada, CAN,-20.382
1201,20.8466,2001, Feb Average, Canada, CAN,-22.805999999999997
1202,25.2987,2001, Mar Average, Canada, CAN,-16.292
1203,22.9507,2001, Apr Average, Canada, CAN,-8.7747
1204,39.1733,2001, May Average, Canada, CAN,0.7034600000000001
1205,52.6787,2001, Jun Average, Canada, CAN,7.6978100000000005
1206,62.9671,2001, Jul Average, Canada, CAN,11.9485
1207,57.4313,2001, Aug Average, Canada, CAN,10.6851
1208,46.123999999999995,2001, Sep Average, Canada, CAN,5.46594
1209,46.9459,2001, Oct Average, Canada, CAN,-3.8514
1210,35.1088,2001, Nov Average, Canada, CAN,-11.9
1211,30.8331,2001, Dec Average, Canada, CAN,-17.347
1212,21.15,2002, Jan Average, Canada, CAN,-22.522
1213,23.3484,2002, Feb Average, Canada, CAN,-23.000999999999998
1214,27.2724,2002, Mar Average, Canada, CAN,-20.418
1215,26.0426,2002, Apr Average, Canada, CAN,-11.593
1216,30.081,2002, May Average, Canada, CAN,-1.5257
1217,48.498000000000005,2002, Jun Average, Canada, CAN,7.970739999999999
1218,68.257,2002, Jul Average, Canada, CAN,11.5164
1219,61.331,2002, Aug Average, Canada, CAN,9.82803
1220,50.3175,2002, Sep Average, Canada, CAN,4.86811
1221,35.7916,2002, Oct Average, Canada, CAN,-4.0068
1222,32.3612,2002, Nov Average, Canada, CAN,-12.222000000000001
1223,27.4381,2002, Dec Average, Canada, CAN,-15.92
1224,25.7195,2003, Jan Average, Canada, CAN,-21.163
1225,21.7393,2003, Feb Average, Canada, CAN,-24.499000000000002
1226,28.7282,2003, Mar Average, Canada, CAN,-19.449
1227,24.4897,2003, Apr Average, Canada, CAN,-9.1842
1228,29.2466,2003, May Average, Canada, CAN,0.9540200000000001
1229,48.4058,2003, Jun Average, Canada, CAN,7.53927
1230,57.4267,2003, Jul Average, Canada, CAN,12.1283
1231,52.8481,2003, Aug Average, Canada, CAN,10.5406
1232,52.5181,2003, Sep Average, Canada, CAN,4.98085
1233,49.357,2003, Oct Average, Canada, CAN,-1.9209
1234,36.4047,2003, Nov Average, Canada, CAN,-13.107000000000001
1235,32.9501,2003, Dec Average, Canada, CAN,-17.727999999999998
1236,28.1772,2004, Jan Average, Canada, CAN,-26.04
1237,18.0329,2004, Feb Average, Canada, CAN,-21.278000000000002
1238,26.0458,2004, Mar Average, Canada, CAN,-19.104
1239,24.7343,2004, Apr Average, Canada, CAN,-9.3776
1240,36.8974,2004, May Average, Canada, CAN,-1.5075
1241,41.56,2004, Jun Average, Canada, CAN,7.2155
1242,58.0352,2004, Jul Average, Canada, CAN,11.359000000000002
1243,55.967,2004, Aug Average, Canada, CAN,9.25925
1244,53.1494,2004, Sep Average, Canada, CAN,3.74471
1245,41.0477,2004, Oct Average, Canada, CAN,-3.8439
1246,35.077,2004, Nov Average, Canada, CAN,-12.985
1247,35.5922,2004, Dec Average, Canada, CAN,-22.368000000000002
1248,30.8471,2005, Jan Average, Canada, CAN,-24.408
1249,23.5946,2005, Feb Average, Canada, CAN,-20.915
1250,26.9251,2005, Mar Average, Canada, CAN,-16.11
1251,27.3096,2005, Apr Average, Canada, CAN,-6.7211
1252,31.9728,2005, May Average, Canada, CAN,1.10505
1253,54.3458,2005, Jun Average, Canada, CAN,8.32033
1254,64.2793,2005, Jul Average, Canada, CAN,11.251
1255,63.7297,2005, Aug Average, Canada, CAN,10.1182
1256,56.7736,2005, Sep Average, Canada, CAN,4.53055
1257,46.7671,2005, Oct Average, Canada, CAN,-2.3815
1258,44.0112,2005, Nov Average, Canada, CAN,-11.452
1259,30.3338,2005, Dec Average, Canada, CAN,-17.529
1260,31.8443,2006, Jan Average, Canada, CAN,-20.131
1261,24.0153,2006, Feb Average, Canada, CAN,-19.680999999999997
1262,24.8822,2006, Mar Average, Canada, CAN,-15.405999999999999
1263,24.7781,2006, Apr Average, Canada, CAN,-6.7229
1264,36.9452,2006, May Average, Canada, CAN,2.40538
1265,46.542,2006, Jun Average, Canada, CAN,9.25561
1266,61.777,2006, Jul Average, Canada, CAN,12.127
1267,51.7388,2006, Aug Average, Canada, CAN,10.5296
1268,42.1995,2006, Sep Average, Canada, CAN,5.58873
1269,41.441,2006, Oct Average, Canada, CAN,-2.9962
1270,41.5187,2006, Nov Average, Canada, CAN,-14.24
1271,30.0514,2006, Dec Average, Canada, CAN,-16.335
1272,27.6104,2007, Jan Average, Canada, CAN,-21.003
1273,22.9756,2007, Feb Average, Canada, CAN,-22.506999999999998
1274,32.2346,2007, Mar Average, Canada, CAN,-19.143
1275,22.2392,2007, Apr Average, Canada, CAN,-7.8465
1276,36.808,2007, May Average, Canada, CAN,-0.4438
1277,48.4646,2007, Jun Average, Canada, CAN,8.141160000000001
1278,57.3829,2007, Jul Average, Canada, CAN,12.8729
1279,52.3474,2007, Aug Average, Canada, CAN,9.85352
1280,59.0167,2007, Sep Average, Canada, CAN,3.66926
1281,48.4544,2007, Oct Average, Canada, CAN,-2.8281
1282,35.1271,2007, Nov Average, Canada, CAN,-13.79
1283,30.7634,2007, Dec Average, Canada, CAN,-21.069000000000003
1284,27.7225,2008, Jan Average, Canada, CAN,-23.281
1285,22.9869,2008, Feb Average, Canada, CAN,-23.979
1286,25.0538,2008, Mar Average, Canada, CAN,-19.742
1287,25.7074,2008, Apr Average, Canada, CAN,-9.0775
1288,32.9521,2008, May Average, Canada, CAN,1.28765
1289,56.8146,2008, Jun Average, Canada, CAN,8.20457
1290,63.1381,2008, Jul Average, Canada, CAN,11.9332
1291,62.221000000000004,2008, Aug Average, Canada, CAN,10.2736
1292,44.3283,2008, Sep Average, Canada, CAN,4.014480000000001
1293,42.8659,2008, Oct Average, Canada, CAN,-2.6661
1294,38.2224,2008, Nov Average, Canada, CAN,-11.73
1295,37.4272,2008, Dec Average, Canada, CAN,-23.026
1296,27.4503,2009, Jan Average, Canada, CAN,-23.226
1297,20.4024,2009, Feb Average, Canada, CAN,-22.483
1298,29.1782,2009, Mar Average, Canada, CAN,-20.123
1299,26.4209,2009, Apr Average, Canada, CAN,-8.7509
1300,31.8789,2009, May Average, Canada, CAN,-1.2401
1301,46.4853,2009, Jun Average, Canada, CAN,7.60152
1302,62.6775,2009, Jul Average, Canada, CAN,11.3654
1303,60.9096,2009, Aug Average, Canada, CAN,10.3043
1304,47.6408,2009, Sep Average, Canada, CAN,5.8091
1305,46.5234,2009, Oct Average, Canada, CAN,-4.9187
1306,32.8374,2009, Nov Average, Canada, CAN,-10.45
1307,29.3972,2009, Dec Average, Canada, CAN,-19.083
1308,25.7178,2010, Jan Average, Canada, CAN,-20.737
1309,17.3839,2010, Feb Average, Canada, CAN,-17.658
1310,20.6001,2010, Mar Average, Canada, CAN,-13.015999999999998
1311,25.5649,2010, Apr Average, Canada, CAN,-4.5552
1312,37.1896,2010, May Average, Canada, CAN,0.6699
1313,52.7087,2010, Jun Average, Canada, CAN,7.99525
1314,61.1422,2010, Jul Average, Canada, CAN,12.2206
1315,64.3766,2010, Aug Average, Canada, CAN,10.9423
1316,58.2898,2010, Sep Average, Canada, CAN,4.2792900000000005
1317,43.9029,2010, Oct Average, Canada, CAN,-1.8049
1318,34.9712,2010, Nov Average, Canada, CAN,-10.742
1319,37.2897,2010, Dec Average, Canada, CAN,-17.834
1320,28.0723,2011, Jan Average, Canada, CAN,-21.625999999999998
1321,22.0558,2011, Feb Average, Canada, CAN,-22.255
1322,26.2686,2011, Mar Average, Canada, CAN,-18.008
1323,28.3387,2011, Apr Average, Canada, CAN,-10.755999999999998
1324,33.3828,2011, May Average, Canada, CAN,0.6981
1325,56.9165,2011, Jun Average, Canada, CAN,8.02073
1326,62.5688,2011, Jul Average, Canada, CAN,12.1829
1327,58.8919,2011, Aug Average, Canada, CAN,10.8473
1328,45.0758,2011, Sep Average, Canada, CAN,5.29899
1329,38.9234,2011, Oct Average, Canada, CAN,-2.2322
1330,33.9434,2011, Nov Average, Canada, CAN,-12.909
1331,25.6385,2011, Dec Average, Canada, CAN,-17.781
1332,27.8012,2012, Jan Average, Canada, CAN,-22.644000000000002
1333,20.1216,2012, Feb Average, Canada, CAN,-18.766
1334,29.1646,2012, Mar Average, Canada, CAN,-16.421
1335,28.1081,2012, Apr Average, Canada, CAN,-8.3296
1336,35.1759,2012, May Average, Canada, CAN,1.41509
1337,60.2595,2012, Jun Average, Canada, CAN,9.05884
1338,53.5009,2012, Jul Average, Canada, CAN,12.9856
1339,51.2439,2012, Aug Average, Canada, CAN,11.0008
1340,39.039,2012, Sep Average, Canada, CAN,6.14519
1341,43.4181,2012, Oct Average, Canada, CAN,-4.2614
1342,34.2133,2012, Nov Average, Canada, CAN,-14.457
1343,31.8712,2012, Dec Average, Canada, CAN,-20.513
1344,24.7111,2013, Jan Average, Canada, CAN,-23.274
1345,18.8119,2013, Feb Average, Canada, CAN,-21.793000000000003
1346,22.4556,2013, Mar Average, Canada, CAN,-16.565
1347,24.991999999999997,2013, Apr Average, Canada, CAN,-10.353
1348,35.795,2013, May Average, Canada, CAN,-0.0042
1349,52.6391,2013, Jun Average, Canada, CAN,8.53396
1350,57.5219,2013, Jul Average, Canada, CAN,11.2572
1351,61.7883,2013, Aug Average, Canada, CAN,10.2833
1352,48.5933,2013, Sep Average, Canada, CAN,4.93302
1353,34.9291,2013, Oct Average, Canada, CAN,-2.2488
1354,37.2843,2013, Nov Average, Canada, CAN,-14.435
1355,26.3581,2013, Dec Average, Canada, CAN,-23.914
1356,32.0206,2014, Jan Average, Canada, CAN,-21.165
1357,19.879,2014, Feb Average, Canada, CAN,-23.899
1358,24.2212,2014, Mar Average, Canada, CAN,-20.401
1359,28.3553,2014, Apr Average, Canada, CAN,-10.764000000000001
1360,30.3619,2014, May Average, Canada, CAN,1.02454
1361,61.6812,2014, Jun Average, Canada, CAN,8.62703
1362,62.026,2014, Jul Average, Canada, CAN,12.3595
1363,49.3651,2014, Aug Average, Canada, CAN,10.5958
1364,44.8492,2014, Sep Average, Canada, CAN,4.009519999999999
1365,46.8425,2014, Oct Average, Canada, CAN,-2.7099
1366,39.2413,2014, Nov Average, Canada, CAN,-14.308
1367,28.9359,2014, Dec Average, Canada, CAN,-18.014
1368,30.0385,2015, Jan Average, Canada, CAN,-22.462
1369,23.0041,2015, Feb Average, Canada, CAN,-24.541
1370,20.8595,2015, Mar Average, Canada, CAN,-17.645
1371,24.7185,2015, Apr Average, Canada, CAN,-9.1398
1372,26.6057,2015, May Average, Canada, CAN,0.75926
1373,44.3674,2015, Jun Average, Canada, CAN,8.19776
1374,56.4208,2015, Jul Average, Canada, CAN,12.0246
1375,55.0817,2015, Aug Average, Canada, CAN,10.5398
1376,49.107,2015, Sep Average, Canada, CAN,4.69675
1377,40.3259,2015, Oct Average, Canada, CAN,-3.4106
1378,36.9309,2015, Nov Average, Canada, CAN,-12.083
1379,30.4701,2015, Dec Average, Canada, CAN,-18.384
1380,24.4741,2016, Jan Average, Canada, CAN,-19.128
1381,27.4503,2016, Feb Average, Canada, CAN,-19.997
1382,27.6842,2016, Mar Average, Canada, CAN,-15.174000000000001
1383,25.1448,2016, Apr Average, Canada, CAN,-9.3411
1384,29.7758,2016, May Average, Canada, CAN,2.0573799999999998
1385,51.4911,2016, Jun Average, Canada, CAN,8.59
1386,62.4187,2016, Jul Average, Canada, CAN,12.023
1387,59.6117,2016, Aug Average, Canada, CAN,10.9239
1388,50.3805,2016, Sep Average, Canada, CAN,5.10525
1389,48.3012,2016, Oct Average, Canada, CAN,-4.0432
1390,32.7788,2016, Nov Average, Canada, CAN,-9.6162
1391,26.8646,2016, Dec Average, Canada, CAN,-20.984
